-- phpMyAdmin SQL Dump
-- version 4.9.2
-- https://www.phpmyadmin.net/
--
-- Host: 127.0.0.1
-- Generation Time: Mar 06, 2020 at 04:20 PM
-- Server version: 10.4.11-MariaDB
-- PHP Version: 7.4.1

SET SQL_MODE = "NO_AUTO_VALUE_ON_ZERO";
SET AUTOCOMMIT = 0;
START TRANSACTION;
SET time_zone = "+00:00";


/*!40101 SET @OLD_CHARACTER_SET_CLIENT=@@CHARACTER_SET_CLIENT */;
/*!40101 SET @OLD_CHARACTER_SET_RESULTS=@@CHARACTER_SET_RESULTS */;
/*!40101 SET @OLD_COLLATION_CONNECTION=@@COLLATION_CONNECTION */;
/*!40101 SET NAMES utf8mb4 */;

--
-- Database: `clicku`
--

-- --------------------------------------------------------

--
-- Table structure for table `account_type`
--

CREATE TABLE `account_type` (
  `id` int(50) NOT NULL,
  `account_type_name` varchar(50) NOT NULL
) ENGINE=InnoDB DEFAULT CHARSET=latin1;

--
-- Dumping data for table `account_type`
--

INSERT INTO `account_type` (`id`, `account_type_name`) VALUES
(1, 'Dean'),
(2, 'Dean Assistant'),
(3, 'General Storage In Charge'),
(4, 'Kitchen Staff'),
(5, 'Working Student'),
(6, 'Teacher'),
(7, 'Student');

-- --------------------------------------------------------

--
-- Table structure for table `borrower_slip`
--

CREATE TABLE `borrower_slip` (
  `borrower_slip_id` int(100) NOT NULL,
  `group_id` int(100) NOT NULL,
  `purpose` varchar(50) NOT NULL,
  `date_use` date NOT NULL,
  `time_use` time NOT NULL,
  `date_requested` datetime NOT NULL,
  `date_approved` datetime NOT NULL,
  `date_cancelled` datetime NOT NULL,
  `date_modified` datetime NOT NULL,
  `date_received` datetime NOT NULL,
  `date_verified` datetime NOT NULL,
  `date_denied` datetime NOT NULL,
  `verified_by` int(11) NOT NULL,
  `denied_by` int(11) NOT NULL,
  `added_by` int(100) NOT NULL,
  `modified_by` int(50) NOT NULL,
  `aprvd_n_rlsd_by` int(50) NOT NULL,
  `received_by` varchar(50) NOT NULL,
  `storage_id` int(50) NOT NULL,
  `status` varchar(50) NOT NULL
) ENGINE=InnoDB DEFAULT CHARSET=latin1;

--
-- Dumping data for table `borrower_slip`
--

INSERT INTO `borrower_slip` (`borrower_slip_id`, `group_id`, `purpose`, `date_use`, `time_use`, `date_requested`, `date_approved`, `date_cancelled`, `date_modified`, `date_received`, `date_verified`, `date_denied`, `verified_by`, `denied_by`, `added_by`, `modified_by`, `aprvd_n_rlsd_by`, `received_by`, `storage_id`, `status`) VALUES
(1, 1, 'asdfsadf', '0000-00-00', '00:00:00', '2020-03-04 23:30:14', '2020-03-04 23:31:24', '0000-00-00 00:00:00', '2020-03-04 23:41:48', '2020-03-04 23:42:01', '2020-03-04 23:35:30', '0000-00-00 00:00:00', 1, 0, 95, 0, 92, '92', 1, '5'),
(2, 2, 'sdghsgfhfs', '0000-00-00', '00:00:00', '2020-03-04 23:34:52', '0000-00-00 00:00:00', '2020-03-04 23:41:29', '2020-03-04 23:41:29', '0000-00-00 00:00:00', '2020-03-04 23:35:34', '0000-00-00 00:00:00', 1, 0, 95, 95, 0, '0', 1, '3'),
(3, 3, 'sdfgdsfg', '0000-00-00', '00:00:00', '2020-03-04 23:42:25', '2020-03-04 23:44:57', '0000-00-00 00:00:00', '2020-03-04 23:45:09', '2020-03-04 23:45:20', '2020-03-04 23:44:33', '0000-00-00 00:00:00', 1, 0, 95, 0, 92, '92', 1, '5'),
(4, 4, 'sdfhdsfhdsfh', '0000-00-00', '00:00:00', '2020-03-04 23:47:30', '0000-00-00 00:00:00', '0000-00-00 00:00:00', '0000-00-00 00:00:00', '0000-00-00 00:00:00', '0000-00-00 00:00:00', '2020-03-04 23:47:58', 0, 1, 95, 0, 0, '0', 1, '9'),
(5, 5, 'gasdfgadfg', '0000-00-00', '00:00:00', '2020-03-04 23:49:18', '2020-03-04 23:49:32', '0000-00-00 00:00:00', '2020-03-04 23:49:41', '0000-00-00 00:00:00', '0000-00-00 00:00:00', '0000-00-00 00:00:00', 0, 0, 95, 0, 92, 'To receive..', 1, '7'),
(6, 6, 'sdfgdsfg', '0000-00-00', '00:00:00', '2020-03-05 00:04:02', '0000-00-00 00:00:00', '2020-03-05 00:20:43', '2020-03-05 00:20:43', '0000-00-00 00:00:00', '2020-03-05 00:07:21', '0000-00-00 00:00:00', 1, 0, 95, 95, 0, '0', 1, '3'),
(7, 7, 'dfgjhdhgj', '0000-00-00', '00:00:00', '2020-03-05 00:21:21', '0000-00-00 00:00:00', '0000-00-00 00:00:00', '0000-00-00 00:00:00', '0000-00-00 00:00:00', '0000-00-00 00:00:00', '2020-03-05 00:22:21', 0, 1, 95, 0, 0, '0', 1, '9'),
(8, 8, 'SDFSAD', '2020-03-06', '03:25:00', '2020-03-06 11:25:58', '0000-00-00 00:00:00', '0000-00-00 00:00:00', '0000-00-00 00:00:00', '0000-00-00 00:00:00', '0000-00-00 00:00:00', '2020-03-06 18:03:37', 0, 1, 95, 0, 0, '0', 2, '9'),
(9, 9, 'SDFSADF', '2020-03-06', '03:26:00', '2020-03-06 11:26:22', '0000-00-00 00:00:00', '0000-00-00 00:00:00', '0000-00-00 00:00:00', '0000-00-00 00:00:00', '0000-00-00 00:00:00', '0000-00-00 00:00:00', 0, 0, 95, 0, 0, '0', 3, '0'),
(10, 10, 'ASDFASDF', '2020-03-06', '03:26:00', '2020-03-06 11:26:56', '0000-00-00 00:00:00', '0000-00-00 00:00:00', '0000-00-00 00:00:00', '0000-00-00 00:00:00', '0000-00-00 00:00:00', '0000-00-00 00:00:00', 0, 0, 95, 0, 0, '0', 4, '0'),
(11, 11, 'SFXaasdgfsadg', '2020-03-06', '11:56:00', '2020-03-06 19:56:30', '0000-00-00 00:00:00', '2020-03-06 20:03:43', '2020-03-06 20:03:43', '0000-00-00 00:00:00', '2020-03-06 19:58:08', '0000-00-00 00:00:00', 1, 0, 95, 95, 0, '0', 1, '3'),
(12, 12, 'asdfasd', '2020-03-06', '11:59:00', '2020-03-06 19:59:24', '2020-03-06 20:01:55', '0000-00-00 00:00:00', '2020-03-06 20:02:28', '2020-03-06 20:03:03', '2020-03-06 20:01:27', '0000-00-00 00:00:00', 1, 0, 95, 0, 92, '92', 1, '5'),
(13, 13, 'asdfasd', '2020-03-06', '12:23:00', '2020-03-06 20:23:35', '0000-00-00 00:00:00', '0000-00-00 00:00:00', '0000-00-00 00:00:00', '0000-00-00 00:00:00', '0000-00-00 00:00:00', '2020-03-06 20:24:06', 0, 1, 95, 0, 0, '0', 1, '9'),
(14, 14, 'asdgasdg', '2020-03-06', '13:54:00', '2020-03-06 21:54:49', '0000-00-00 00:00:00', '0000-00-00 00:00:00', '0000-00-00 00:00:00', '0000-00-00 00:00:00', '0000-00-00 00:00:00', '2020-03-06 21:55:41', 0, 1, 95, 0, 0, '0', 1, '9'),
(15, 15, 'asdvasdv', '2020-03-06', '13:55:00', '2020-03-06 21:56:02', '0000-00-00 00:00:00', '0000-00-00 00:00:00', '0000-00-00 00:00:00', '0000-00-00 00:00:00', '2020-03-06 21:56:18', '0000-00-00 00:00:00', 1, 0, 95, 0, 0, '0', 1, '0'),
(16, 16, 'asdfasd', '2020-03-06', '13:56:00', '2020-03-06 21:56:46', '0000-00-00 00:00:00', '0000-00-00 00:00:00', '0000-00-00 00:00:00', '0000-00-00 00:00:00', '0000-00-00 00:00:00', '2020-03-06 21:57:04', 0, 1, 95, 0, 0, '0', 1, '9'),
(17, 17, 'sdfgsdf', '2020-03-06', '13:58:00', '2020-03-06 21:58:58', '0000-00-00 00:00:00', '0000-00-00 00:00:00', '0000-00-00 00:00:00', '0000-00-00 00:00:00', '0000-00-00 00:00:00', '2020-03-06 21:59:47', 0, 1, 95, 0, 0, '0', 1, '9'),
(18, 18, 'asdfasd', '2020-03-06', '14:02:00', '2020-03-06 22:03:04', '0000-00-00 00:00:00', '0000-00-00 00:00:00', '0000-00-00 00:00:00', '0000-00-00 00:00:00', '0000-00-00 00:00:00', '2020-03-06 22:03:32', 0, 1, 95, 0, 0, '0', 1, '9'),
(19, 19, 'asdfas', '2020-03-06', '14:05:00', '2020-03-06 22:05:40', '0000-00-00 00:00:00', '0000-00-00 00:00:00', '0000-00-00 00:00:00', '0000-00-00 00:00:00', '0000-00-00 00:00:00', '2020-03-06 22:05:56', 0, 1, 95, 0, 0, '0', 1, '9');

-- --------------------------------------------------------

--
-- Table structure for table `borrower_slip_details`
--

CREATE TABLE `borrower_slip_details` (
  `bsd_id` int(100) NOT NULL,
  `borrower_slip_id` int(100) NOT NULL,
  `utensils_id` int(100) NOT NULL,
  `storage_id` int(50) NOT NULL,
  `qty` int(100) NOT NULL,
  `on_use` int(100) NOT NULL,
  `reserved_qty` int(50) NOT NULL,
  `returned` varchar(100) NOT NULL,
  `date_returned` date NOT NULL,
  `remarks` varchar(50) NOT NULL
) ENGINE=InnoDB DEFAULT CHARSET=latin1;

--
-- Dumping data for table `borrower_slip_details`
--

INSERT INTO `borrower_slip_details` (`bsd_id`, `borrower_slip_id`, `utensils_id`, `storage_id`, `qty`, `on_use`, `reserved_qty`, `returned`, `date_returned`, `remarks`) VALUES
(1, 1, 4, 1, 1, 0, 0, '1', '0000-00-00', '0'),
(2, 1, 3, 1, 1, 0, 0, '1', '0000-00-00', '0'),
(3, 1, 2, 1, 1, 0, 0, '1', '0000-00-00', '0'),
(4, 1, 1, 1, 1, 0, 0, '1', '0000-00-00', '0'),
(5, 2, 1, 1, 2, 0, 0, '', '0000-00-00', '0'),
(6, 3, 6, 1, 1, 0, 0, '1', '0000-00-00', '0'),
(7, 3, 5, 1, 1, 0, 0, '1', '0000-00-00', '0'),
(8, 3, 4, 1, 1, 0, 0, '1', '0000-00-00', '0'),
(9, 3, 3, 1, 1, 0, 0, '1', '0000-00-00', '0'),
(10, 3, 1, 1, 1, 0, 0, '1', '0000-00-00', '0'),
(11, 4, 4, 1, 1, 0, 0, '', '0000-00-00', '0'),
(12, 4, 3, 1, 1, 0, 0, '', '0000-00-00', '0'),
(13, 4, 2, 1, 1, 0, 0, '', '0000-00-00', '0'),
(14, 4, 1, 1, 1, 0, 0, '', '0000-00-00', '0'),
(15, 5, 4, 1, 1, 0, 0, '0', '2020-03-04', '0'),
(16, 5, 3, 1, 1, 0, 0, '1', '2020-03-04', '0'),
(17, 5, 2, 1, 1, 0, 0, '0', '2020-03-04', '0'),
(18, 5, 1, 1, 4, 0, 0, '1', '2020-03-04', '0'),
(19, 6, 4, 1, 1, 0, 0, '', '0000-00-00', '0'),
(20, 6, 3, 1, 1, 0, 0, '', '0000-00-00', '0'),
(21, 6, 2, 1, 1, 0, 0, '', '0000-00-00', '0'),
(22, 6, 1, 1, 1, 0, 0, '', '0000-00-00', '0'),
(23, 7, 4, 1, 1, 0, 0, '', '0000-00-00', '0'),
(24, 7, 3, 1, 1, 0, 0, '', '0000-00-00', '0'),
(25, 7, 2, 1, 1, 0, 0, '', '0000-00-00', '0'),
(26, 7, 1, 1, 1, 0, 0, '', '0000-00-00', '0'),
(27, 8, 2, 2, 1, 0, 0, '', '0000-00-00', '0'),
(28, 8, 1, 2, 1, 0, 0, '', '0000-00-00', '0'),
(29, 9, 4, 3, 1, 0, 1, '', '0000-00-00', '0'),
(30, 9, 3, 3, 1, 0, 1, '', '0000-00-00', '0'),
(31, 9, 1, 3, 1, 0, 1, '', '0000-00-00', '0'),
(32, 10, 3, 4, 1, 0, 1, '', '0000-00-00', '0'),
(33, 10, 2, 4, 1, 0, 1, '', '0000-00-00', '0'),
(34, 10, 1, 4, 1, 0, 1, '', '0000-00-00', '0'),
(35, 11, 13, 1, 1, 0, 0, '', '0000-00-00', '0'),
(36, 11, 9, 1, 1, 0, 0, '', '0000-00-00', '0'),
(37, 11, 8, 1, 1, 0, 0, '', '0000-00-00', '0'),
(38, 11, 7, 1, 1, 0, 0, '', '0000-00-00', '0'),
(39, 11, 5, 1, 1, 0, 0, '', '0000-00-00', '0'),
(40, 11, 4, 1, 1, 0, 0, '', '0000-00-00', '0'),
(41, 11, 3, 1, 1, 0, 0, '', '0000-00-00', '0'),
(42, 11, 2, 1, 1, 0, 0, '', '0000-00-00', '0'),
(43, 11, 1, 1, 1, 0, 0, '', '0000-00-00', '0'),
(44, 12, 4, 1, 1, 0, 0, '1', '0000-00-00', '0'),
(45, 12, 3, 1, 1, 0, 0, '1', '0000-00-00', '0'),
(46, 12, 2, 1, 1, 0, 0, '1', '0000-00-00', '0'),
(47, 12, 1, 1, 1, 0, 0, '1', '0000-00-00', '0'),
(48, 13, 4, 1, 1, 0, 0, '', '0000-00-00', '0'),
(49, 13, 3, 1, 1, 0, 0, '', '0000-00-00', '0'),
(50, 13, 2, 1, 1, 0, 0, '', '0000-00-00', '0'),
(51, 13, 1, 1, 1, 0, 0, '', '0000-00-00', '0'),
(52, 14, 4, 1, 1, 0, 0, '', '0000-00-00', '0'),
(53, 14, 3, 1, 1, 0, 0, '', '0000-00-00', '0'),
(54, 14, 2, 1, 1, 0, 0, '', '0000-00-00', '0'),
(55, 14, 1, 1, 1, 0, 0, '', '0000-00-00', '0'),
(56, 15, 1, 1, 1, 0, 1, '', '0000-00-00', '0'),
(57, 16, 1, 1, 1, 0, 0, '', '0000-00-00', '0'),
(58, 17, 1, 1, 1, 0, 0, '', '0000-00-00', '0'),
(59, 18, 1, 1, 1, 0, 0, '', '0000-00-00', '0'),
(60, 19, 1, 1, 1, 0, 0, '', '0000-00-00', '0');

-- --------------------------------------------------------

--
-- Table structure for table `breakages_and_damages`
--

CREATE TABLE `breakages_and_damages` (
  `bad_id` int(100) NOT NULL,
  `borrower_slip_id` int(50) NOT NULL,
  `utensils_id` int(50) NOT NULL,
  `lost_qty` int(50) NOT NULL,
  `damaged_qty` int(50) NOT NULL,
  `reported_by` varchar(50) NOT NULL,
  `approved_by` varchar(50) NOT NULL,
  `note` varchar(50) NOT NULL,
  `date_reported` datetime NOT NULL,
  `date_replaced` datetime NOT NULL
) ENGINE=InnoDB DEFAULT CHARSET=latin1;

--
-- Dumping data for table `breakages_and_damages`
--

INSERT INTO `breakages_and_damages` (`bad_id`, `borrower_slip_id`, `utensils_id`, `lost_qty`, `damaged_qty`, `reported_by`, `approved_by`, `note`, `date_reported`, `date_replaced`) VALUES
(1, 5, 1, 2, 1, '92', '92', '', '2020-03-04 23:50:07', '2020-03-05 00:00:58'),
(2, 5, 2, 1, 0, '92', '92', '', '2020-03-04 23:50:07', '2020-03-05 00:00:58'),
(3, 5, 4, 0, 1, '92', '92', '', '2020-03-04 23:50:07', '2020-03-05 00:00:58');

-- --------------------------------------------------------

--
-- Table structure for table `crud`
--

CREATE TABLE `crud` (
  `id` int(11) NOT NULL,
  `first_name` varchar(255) NOT NULL,
  `last_name` varchar(255) NOT NULL,
  `gender` varchar(255) NOT NULL,
  `age` varchar(255) NOT NULL,
  `email_id` varchar(255) NOT NULL
) ENGINE=InnoDB DEFAULT CHARSET=latin1;

-- --------------------------------------------------------

--
-- Table structure for table `department`
--

CREATE TABLE `department` (
  `dept_id` int(100) NOT NULL,
  `dept_name` varchar(50) NOT NULL,
  `description` varchar(50) NOT NULL
) ENGINE=InnoDB DEFAULT CHARSET=latin1;

--
-- Dumping data for table `department`
--

INSERT INTO `department` (`dept_id`, `dept_name`, `description`) VALUES
(1, 'IT', 'Information Technology'),
(2, 'HRM', 'Hotel Restaurant Management'),
(4, 'CCS', 'College of Computer Studies'),
(6, 'CHM', ''),
(7, 'BEEd', 'Bachelor of Elementary Education');

-- --------------------------------------------------------

--
-- Table structure for table `group_members`
--

CREATE TABLE `group_members` (
  `id` int(50) NOT NULL,
  `group_id` int(50) NOT NULL,
  `user_id` int(50) NOT NULL,
  `added_by` int(50) NOT NULL,
  `date_added` datetime NOT NULL
) ENGINE=InnoDB DEFAULT CHARSET=latin1;

--
-- Dumping data for table `group_members`
--

INSERT INTO `group_members` (`id`, `group_id`, `user_id`, `added_by`, `date_added`) VALUES
(1, 1, 95, 95, '2020-03-04 23:30:14'),
(2, 1, 96, 95, '2020-03-04 23:30:14'),
(3, 2, 95, 95, '2020-03-04 23:34:52'),
(4, 2, 96, 95, '2020-03-04 23:34:52'),
(5, 3, 95, 95, '2020-03-04 23:42:25'),
(6, 3, 96, 95, '2020-03-04 23:42:25'),
(7, 4, 95, 95, '2020-03-04 23:47:30'),
(8, 4, 96, 95, '2020-03-04 23:47:30'),
(9, 5, 95, 95, '2020-03-04 23:49:18'),
(10, 5, 96, 95, '2020-03-04 23:49:18'),
(11, 6, 96, 95, '2020-03-05 00:04:02'),
(12, 6, 95, 95, '2020-03-05 00:04:02'),
(13, 7, 96, 95, '2020-03-05 00:21:21'),
(14, 7, 95, 95, '2020-03-05 00:21:21'),
(15, 8, 95, 95, '2020-03-06 11:25:58'),
(16, 9, 95, 95, '2020-03-06 11:26:22'),
(17, 10, 95, 95, '2020-03-06 11:26:56'),
(18, 11, 95, 95, '2020-03-06 19:56:30'),
(19, 12, 95, 95, '2020-03-06 19:59:24'),
(20, 13, 95, 95, '2020-03-06 20:23:35'),
(21, 14, 95, 95, '2020-03-06 21:54:49'),
(22, 15, 95, 95, '2020-03-06 21:56:02'),
(23, 16, 95, 95, '2020-03-06 21:56:46'),
(24, 17, 95, 95, '2020-03-06 21:58:58'),
(25, 18, 95, 95, '2020-03-06 22:03:04'),
(26, 19, 95, 95, '2020-03-06 22:05:40');

-- --------------------------------------------------------

--
-- Table structure for table `group_table`
--

CREATE TABLE `group_table` (
  `group_id` int(100) NOT NULL,
  `group_name` varchar(50) DEFAULT NULL,
  `group_leader_id` int(50) NOT NULL,
  `instructor` varchar(50) NOT NULL
) ENGINE=InnoDB DEFAULT CHARSET=latin1;

--
-- Dumping data for table `group_table`
--

INSERT INTO `group_table` (`group_id`, `group_name`, `group_leader_id`, `instructor`) VALUES
(1, 'group 2', 96, 'asdf'),
(2, 'group 2', 96, 'sdfhgsdfh'),
(3, 'group 2', 96, 'sdgasd'),
(4, 'group 2', 96, 'sdfhsdfh'),
(5, 'group 2', 96, 'asdfgsda'),
(6, 'group 2', 96, 'test'),
(7, 'group 2', 96, 'dfgjfd'),
(8, NULL, 0, 'SDF'),
(9, NULL, 0, 'SDFA'),
(10, NULL, 0, 'ASDF'),
(11, NULL, 0, 'Rasty Demicillio'),
(12, NULL, 0, 'test'),
(13, NULL, 0, 'sadfas'),
(14, NULL, 0, 'asdgfasd'),
(15, NULL, 0, 'sadvsda'),
(16, NULL, 0, 'asdasd'),
(17, NULL, 0, 'dgfsdg'),
(18, NULL, 0, 'asdf'),
(19, NULL, 0, 'asdf');

-- --------------------------------------------------------

--
-- Table structure for table `history`
--

CREATE TABLE `history` (
  `id` int(50) NOT NULL,
  `date_added` datetime NOT NULL,
  `user_id` int(50) NOT NULL,
  `trans_id` int(50) NOT NULL,
  `storage_id` int(50) NOT NULL,
  `history_type_id` int(50) NOT NULL
) ENGINE=InnoDB DEFAULT CHARSET=latin1;

--
-- Dumping data for table `history`
--

INSERT INTO `history` (`id`, `date_added`, `user_id`, `trans_id`, `storage_id`, `history_type_id`) VALUES
(1, '2020-03-04 23:30:14', 95, 1, 1, 1),
(2, '2020-03-04 23:34:52', 95, 2, 1, 1),
(3, '2020-03-04 23:41:29', 95, 2, 1, 2),
(4, '2020-03-04 23:42:01', 92, 1, 1, 3),
(5, '2020-03-04 23:42:25', 95, 3, 1, 1),
(6, '2020-03-04 23:45:20', 92, 3, 1, 3),
(7, '2020-03-04 23:47:30', 95, 4, 1, 1),
(8, '2020-03-04 23:49:19', 95, 5, 1, 1),
(9, '2020-03-04 23:49:32', 92, 5, 1, 1),
(10, '2020-03-04 23:50:07', 92, 5, 0, 4),
(11, '2020-03-05 00:00:58', 92, 5, 1, 5),
(12, '2020-03-05 00:04:02', 95, 6, 1, 1),
(13, '2020-03-05 00:20:43', 95, 6, 1, 2),
(14, '2020-03-05 00:21:21', 95, 7, 1, 1),
(15, '2020-03-06 11:25:58', 95, 8, 2, 1),
(16, '2020-03-06 11:26:22', 95, 9, 3, 1),
(17, '2020-03-06 11:26:56', 95, 10, 4, 1),
(18, '2020-03-06 19:56:30', 95, 11, 1, 1),
(19, '2020-03-06 19:59:24', 95, 12, 1, 1),
(20, '2020-03-06 20:03:03', 92, 12, 1, 3),
(21, '2020-03-06 20:03:43', 95, 11, 1, 2),
(22, '2020-03-06 20:23:35', 95, 13, 1, 1),
(23, '2020-03-06 21:54:49', 95, 14, 1, 1),
(24, '2020-03-06 21:56:02', 95, 15, 1, 1),
(25, '2020-03-06 21:56:46', 95, 16, 1, 1),
(26, '2020-03-06 21:58:58', 95, 17, 1, 1),
(27, '2020-03-06 22:03:04', 95, 18, 1, 1),
(28, '2020-03-06 22:05:40', 95, 19, 1, 1);

-- --------------------------------------------------------

--
-- Table structure for table `incident_report_details`
--

CREATE TABLE `incident_report_details` (
  `ird_id` int(50) NOT NULL,
  `report_id` int(50) NOT NULL,
  `utensils_id` int(50) NOT NULL,
  `storage_id` int(50) NOT NULL,
  `lost_qty` int(50) NOT NULL,
  `damaged_qty` int(50) NOT NULL,
  `comment` varchar(100) NOT NULL,
  `found` int(50) NOT NULL,
  `replaced` int(50) NOT NULL,
  `note` varchar(50) NOT NULL,
  `date_updated` datetime NOT NULL,
  `updated_by` int(50) NOT NULL,
  `status` int(11) NOT NULL
) ENGINE=InnoDB DEFAULT CHARSET=utf8mb4;

--
-- Dumping data for table `incident_report_details`
--

INSERT INTO `incident_report_details` (`ird_id`, `report_id`, `utensils_id`, `storage_id`, `lost_qty`, `damaged_qty`, `comment`, `found`, `replaced`, `note`, `date_updated`, `updated_by`, `status`) VALUES
(1, 1, 1, 5, 1, 1, 'earthquake incident happen and 1 item is missing and 1 is damaged', 1, 1, '', '0000-00-00 00:00:00', 0, 0),
(2, 2, 1, 1, 0, 5, ' earthquake ', 0, 5, '', '0000-00-00 00:00:00', 0, 0),
(3, 3, 2, 1, 5, 2, '                      l;sadmflkmalkdmf', 5, 2, '', '0000-00-00 00:00:00', 0, 0);

-- --------------------------------------------------------

--
-- Table structure for table `inventory`
--

CREATE TABLE `inventory` (
  `inventory_control_id` int(100) NOT NULL,
  `date_added` date NOT NULL
) ENGINE=InnoDB DEFAULT CHARSET=utf8mb4;

--
-- Dumping data for table `inventory`
--

INSERT INTO `inventory` (`inventory_control_id`, `date_added`) VALUES
(1, '2020-02-12'),
(2, '2020-02-11'),
(3, '2020-02-13'),
(4, '2020-02-14'),
(5, '2020-02-16'),
(6, '2020-02-17'),
(7, '2020-02-18'),
(8, '2020-02-19'),
(9, '2020-02-20'),
(10, '2020-02-21'),
(11, '2020-02-25'),
(12, '2020-02-26'),
(13, '2020-02-27'),
(14, '2020-02-28'),
(15, '2020-02-29'),
(16, '2020-03-01'),
(17, '2020-03-02'),
(18, '2020-03-04'),
(19, '2020-03-05'),
(20, '2020-03-06');

-- --------------------------------------------------------

--
-- Table structure for table `inventory_all_record`
--

CREATE TABLE `inventory_all_record` (
  `id` int(100) NOT NULL,
  `inventory_control_id` int(11) NOT NULL,
  `utensils_id` int(11) NOT NULL,
  `original_stock` int(100) NOT NULL,
  `remain_stock` int(100) NOT NULL
) ENGINE=InnoDB DEFAULT CHARSET=utf8mb4;

--
-- Dumping data for table `inventory_all_record`
--

INSERT INTO `inventory_all_record` (`id`, `inventory_control_id`, `utensils_id`, `original_stock`, `remain_stock`) VALUES
(13, 1, 1, 100, 10),
(14, 1, 2, 100, 20),
(15, 1, 3, 100, 30),
(16, 1, 4, 100, 30),
(17, 1, 5, 100, 50),
(18, 1, 6, 100, 30),
(19, 1, 7, 10, 0),
(20, 1, 8, 100, 40),
(21, 1, 9, 100, 40),
(22, 1, 10, 100, 20),
(23, 1, 11, 20, 0),
(24, 1, 12, 100, 60),
(25, 2, 1, 100, 10),
(26, 2, 2, 100, 20),
(27, 2, 3, 100, 30),
(28, 2, 4, 100, 30),
(29, 2, 5, 100, 50),
(30, 2, 6, 100, 30),
(31, 2, 7, 10, 0),
(32, 2, 8, 100, 40),
(33, 2, 9, 100, 40),
(34, 2, 10, 100, 20),
(35, 2, 11, 20, 0),
(36, 2, 12, 100, 60),
(62, 3, 1, 100, 20),
(63, 3, 2, 100, 30),
(64, 3, 3, 100, 40),
(65, 3, 4, 100, 40),
(66, 3, 5, 100, 60),
(67, 3, 6, 100, 40),
(68, 3, 7, 10, 0),
(69, 3, 8, 100, 50),
(70, 3, 9, 100, 50),
(71, 3, 10, 100, 30),
(72, 3, 11, 10, 0),
(73, 3, 12, 100, 70),
(74, 3, 13, 100, 90),
(75, 3, 14, 50, 40),
(76, 4, 1, 100, 20),
(77, 4, 2, 100, 30),
(78, 4, 3, 100, 40),
(79, 4, 4, 100, 40),
(80, 4, 5, 100, 60),
(81, 4, 6, 100, 40),
(82, 4, 7, 10, 0),
(83, 4, 8, 100, 50),
(84, 4, 9, 100, 50),
(85, 4, 10, 100, 30),
(86, 4, 11, 10, 0),
(87, 4, 12, 100, 70),
(88, 4, 13, 100, 90),
(89, 4, 14, 50, 40),
(104, 5, 1, 100, 20),
(105, 5, 2, 100, 30),
(106, 5, 3, 100, 40),
(107, 5, 4, 100, 40),
(108, 5, 5, 100, 60),
(109, 5, 6, 100, 40),
(110, 5, 7, 10, 0),
(111, 5, 8, 100, 50),
(112, 5, 9, 100, 50),
(113, 5, 10, 100, 30),
(114, 5, 11, 10, 0),
(115, 5, 12, 100, 70),
(116, 5, 13, 100, 90),
(117, 5, 14, 50, 40),
(118, 5, 15, 10, 10),
(119, 6, 1, 100, 20),
(120, 6, 2, 100, 30),
(121, 6, 3, 100, 40),
(122, 6, 4, 100, 40),
(123, 6, 5, 100, 60),
(124, 6, 6, 100, 40),
(125, 6, 7, 15, 5),
(126, 6, 8, 100, 50),
(127, 6, 9, 100, 50),
(128, 6, 10, 100, 30),
(129, 6, 11, 15, 5),
(130, 6, 12, 100, 70),
(131, 6, 13, 100, 90),
(132, 6, 14, 55, 45),
(133, 6, 15, 15, 15),
(134, 7, 1, 100, 20),
(135, 7, 2, 100, 30),
(136, 7, 3, 100, 40),
(137, 7, 4, 100, 40),
(138, 7, 5, 100, 60),
(139, 7, 6, 100, 40),
(140, 7, 7, 15, 5),
(141, 7, 8, 100, 50),
(142, 7, 9, 100, 50),
(143, 7, 10, 100, 30),
(144, 7, 11, 15, 5),
(145, 7, 12, 100, 70),
(146, 7, 13, 100, 90),
(147, 7, 14, 55, 45),
(148, 7, 15, 15, 15),
(164, 8, 1, 100, 20),
(165, 8, 2, 100, 30),
(166, 8, 3, 100, 40),
(167, 8, 4, 100, 40),
(168, 8, 5, 100, 60),
(169, 8, 6, 100, 40),
(170, 8, 7, 15, 5),
(171, 8, 8, 100, 50),
(172, 8, 9, 100, 50),
(173, 8, 10, 100, 30),
(174, 8, 11, 15, 5),
(175, 8, 12, 100, 70),
(176, 8, 13, 100, 90),
(177, 8, 14, 55, 45),
(178, 8, 15, 15, 15),
(179, 8, 16, 100, 65),
(212, 9, 1, 100, 20),
(213, 9, 2, 100, 30),
(214, 9, 3, 100, 40),
(215, 9, 4, 100, 40),
(216, 9, 5, 100, 60),
(217, 9, 6, 100, 40),
(218, 9, 7, 15, 5),
(219, 9, 8, 100, 50),
(220, 9, 9, 100, 50),
(221, 9, 10, 100, 30),
(222, 9, 11, 15, 5),
(223, 9, 12, 100, 70),
(224, 9, 13, 100, 90),
(225, 9, 14, 55, 45),
(226, 9, 15, 15, 15),
(227, 9, 16, 100, 65),
(228, 9, 17, 34, 34),
(271, 10, 1, 107, 30),
(272, 10, 2, 100, 31),
(273, 10, 3, 100, 40),
(274, 10, 4, 100, 40),
(275, 10, 5, 100, 60),
(276, 10, 6, 100, 40),
(277, 10, 7, 15, 5),
(278, 10, 8, 100, 50),
(279, 10, 9, 100, 50),
(280, 10, 10, 100, 30),
(281, 10, 11, 15, 5),
(282, 10, 12, 99, 69),
(283, 11, 1, 107, 28),
(284, 11, 2, 100, 30),
(285, 11, 3, 100, 40),
(286, 11, 4, 100, 40),
(287, 11, 5, 100, 60),
(288, 11, 6, 100, 40),
(289, 11, 7, 15, 5),
(290, 11, 8, 100, 50),
(291, 11, 9, 100, 50),
(292, 11, 10, 100, 30),
(293, 11, 11, 15, 5),
(294, 11, 12, 99, 69),
(295, 12, 1, 107, 28),
(296, 12, 2, 100, 30),
(297, 12, 3, 100, 40),
(298, 12, 4, 100, 40),
(299, 12, 5, 100, 60),
(300, 12, 6, 100, 40),
(301, 12, 7, 15, 5),
(302, 12, 8, 100, 50),
(303, 12, 9, 100, 50),
(304, 12, 10, 100, 30),
(305, 12, 11, 15, 5),
(306, 12, 12, 99, 69),
(424, 13, 1, 100, 0),
(425, 13, 2, 100, 0),
(426, 13, 3, 100, 0),
(427, 13, 4, 100, 0),
(428, 13, 5, 100, 0),
(429, 13, 6, 100, 0),
(430, 13, 7, 100, 0),
(431, 13, 8, 50, 0),
(432, 13, 9, 100, 0),
(433, 13, 10, 50, 0),
(434, 13, 11, 50, 0),
(435, 13, 12, 50, 0),
(436, 13, 13, 50, 0),
(437, 13, 14, 50, 0),
(438, 13, 15, 50, 0),
(470, 14, 1, 100, 0),
(471, 14, 2, 100, 0),
(472, 14, 3, 100, 0),
(473, 14, 4, 100, 0),
(474, 14, 5, 100, 0),
(475, 14, 6, 100, 0),
(476, 14, 7, 100, 0),
(477, 14, 8, 50, 0),
(478, 14, 9, 100, 0),
(479, 14, 10, 50, 0),
(480, 14, 11, 50, 0),
(481, 14, 12, 50, 0),
(482, 14, 13, 50, 0),
(483, 14, 14, 50, 0),
(484, 14, 15, 50, 0),
(485, 14, 16, 12, 0),
(486, 14, 17, 10, 0),
(504, 15, 1, 100, 0),
(505, 15, 2, 100, 0),
(506, 15, 3, 100, 0),
(507, 15, 4, 100, 0),
(508, 15, 5, 100, 0),
(509, 15, 6, 100, 0),
(510, 15, 7, 100, 0),
(511, 15, 8, 50, 0),
(512, 15, 9, 100, 0),
(513, 15, 10, 50, 0),
(514, 15, 11, 50, 0),
(515, 15, 12, 50, 0),
(516, 15, 13, 50, 0),
(517, 15, 14, 50, 0),
(518, 15, 15, 50, 0),
(519, 15, 16, 12, 0),
(520, 15, 17, 10, 0),
(521, 15, 18, 20, 0),
(522, 16, 1, 100, 0),
(523, 16, 2, 100, 0),
(524, 16, 3, 100, 0),
(525, 16, 4, 100, 0),
(526, 16, 5, 100, 0),
(527, 16, 6, 100, 0),
(528, 16, 7, 100, 0),
(529, 16, 8, 50, 0),
(530, 16, 9, 100, 0),
(531, 16, 10, 50, 0),
(532, 16, 11, 50, 0),
(533, 16, 12, 50, 0),
(534, 16, 13, 50, 0),
(535, 16, 14, 50, 0),
(536, 16, 15, 50, 0),
(537, 16, 16, 12, 0),
(538, 16, 17, 10, 0),
(539, 16, 18, 20, 0),
(540, 17, 1, 100, 0),
(541, 17, 2, 100, 0),
(542, 17, 3, 100, 0),
(543, 17, 4, 100, 0),
(544, 17, 5, 100, 0),
(545, 17, 6, 100, 0),
(546, 17, 7, 100, 0),
(547, 17, 8, 50, 0),
(548, 17, 9, 100, 0),
(549, 17, 10, 50, 0),
(550, 17, 11, 50, 0),
(551, 17, 12, 50, 0),
(552, 17, 13, 50, 0),
(553, 17, 14, 50, 0),
(554, 17, 15, 50, 0),
(555, 17, 16, 12, 0),
(556, 17, 17, 10, 0),
(557, 17, 18, 20, 0),
(558, 18, 1, 100, 0),
(559, 18, 2, 100, 0),
(560, 18, 3, 100, 0),
(561, 18, 4, 100, 0),
(562, 18, 5, 100, 0),
(563, 18, 6, 100, 0),
(564, 18, 7, 100, 0),
(565, 18, 8, 50, 0),
(566, 18, 9, 100, 0),
(567, 18, 10, 50, 0),
(568, 18, 11, 50, 0),
(569, 18, 12, 50, 0),
(570, 18, 13, 50, 0),
(571, 18, 14, 50, 0),
(572, 18, 15, 50, 0),
(573, 18, 16, 12, 0),
(574, 18, 17, 10, 0),
(575, 18, 18, 20, 0),
(995, 19, 1, 100, 0),
(996, 19, 2, 100, 0),
(997, 19, 3, 100, 0),
(998, 19, 4, 100, 0),
(999, 19, 5, 100, 0),
(1000, 19, 6, 100, 0),
(1001, 19, 7, 100, 0),
(1002, 19, 8, 50, 0),
(1003, 19, 9, 100, 0),
(1004, 19, 10, 50, 0),
(1005, 19, 11, 50, 0),
(1006, 19, 12, 50, 0),
(1007, 19, 13, 50, 0),
(1008, 19, 14, 50, 0),
(1009, 19, 15, 50, 0),
(1010, 19, 16, 12, 0),
(1011, 19, 17, 10, 0),
(1012, 19, 19, 34, 0),
(1013, 19, 20, 45, 0),
(1014, 19, 21, 45, 0),
(1015, 19, 22, 34, 0),
(1016, 19, 23, 34, 0),
(1017, 19, 24, 34, 0),
(1018, 20, 1, 100, 0),
(1019, 20, 2, 100, 0),
(1020, 20, 3, 100, 0),
(1021, 20, 4, 100, 0),
(1022, 20, 5, 100, 0),
(1023, 20, 6, 100, 0),
(1024, 20, 7, 100, 0),
(1025, 20, 8, 50, 0),
(1026, 20, 9, 100, 0),
(1027, 20, 10, 50, 0),
(1028, 20, 11, 50, 0),
(1029, 20, 12, 50, 0),
(1030, 20, 13, 50, 0),
(1031, 20, 14, 50, 0),
(1032, 20, 15, 50, 0),
(1033, 20, 16, 12, 0),
(1034, 20, 17, 10, 0),
(1035, 20, 19, 34, 0),
(1036, 20, 20, 45, 0),
(1037, 20, 21, 45, 0),
(1038, 20, 22, 34, 0),
(1039, 20, 23, 34, 0),
(1040, 20, 24, 34, 0);

-- --------------------------------------------------------

--
-- Table structure for table `inventory_storage`
--

CREATE TABLE `inventory_storage` (
  `id` int(100) NOT NULL,
  `inventory_control_id` int(100) NOT NULL,
  `utensils_id` int(100) NOT NULL,
  `storage_id` int(100) NOT NULL,
  `original_stock` int(100) NOT NULL,
  `stock_remain` int(100) NOT NULL,
  `lost_qty` int(50) NOT NULL,
  `damaged_qty` int(50) NOT NULL,
  `reserved_qty` int(50) NOT NULL,
  `on_use` int(50) NOT NULL
) ENGINE=InnoDB DEFAULT CHARSET=utf8mb4;

--
-- Dumping data for table `inventory_storage`
--

INSERT INTO `inventory_storage` (`id`, `inventory_control_id`, `utensils_id`, `storage_id`, `original_stock`, `stock_remain`, `lost_qty`, `damaged_qty`, `reserved_qty`, `on_use`) VALUES
(73, 1, 1, 1, 10, 10, 0, 0, 0, 0),
(74, 1, 1, 2, 10, 9, 1, 0, 0, 0),
(75, 1, 1, 3, 20, 20, 0, 0, 0, 0),
(76, 1, 1, 4, 20, 20, 0, 0, 0, 0),
(77, 1, 1, 5, 20, 20, 0, 0, 0, 0),
(78, 1, 1, 6, 10, 10, 0, 0, 0, 0),
(79, 1, 2, 1, 10, 10, 0, 0, 0, 0),
(80, 1, 2, 2, 10, 10, 0, 0, 0, 0),
(81, 1, 2, 3, 20, 20, 0, 0, 0, 0),
(82, 1, 2, 4, 10, 10, 0, 0, 0, 0),
(83, 1, 2, 5, 20, 20, 0, 0, 0, 0),
(84, 1, 2, 6, 10, 10, 0, 0, 0, 0),
(85, 1, 3, 1, 10, 10, 0, 0, 0, 0),
(86, 1, 3, 2, 10, 9, 1, 0, 0, 0),
(87, 1, 3, 3, 10, 10, 0, 0, 0, 0),
(88, 1, 3, 4, 10, 10, 0, 0, 0, 0),
(89, 1, 3, 5, 20, 20, 0, 0, 0, 0),
(90, 1, 3, 6, 10, 10, 0, 0, 0, 0),
(91, 1, 4, 1, 10, 10, 0, 0, 0, 0),
(92, 1, 4, 2, 10, 10, 0, 0, 0, 0),
(93, 1, 4, 3, 10, 10, 0, 0, 0, 0),
(94, 1, 4, 4, 20, 20, 0, 0, 0, 0),
(95, 1, 4, 5, 10, 10, 0, 0, 0, 0),
(96, 1, 4, 6, 10, 10, 0, 0, 0, 0),
(97, 1, 5, 1, 10, 10, 0, 0, 0, 0),
(98, 1, 5, 2, 10, 10, 0, 0, 0, 0),
(99, 1, 5, 3, 10, 10, 0, 0, 0, 0),
(100, 1, 5, 4, 0, 0, 0, 0, 0, 0),
(101, 1, 5, 5, 10, 10, 0, 0, 0, 0),
(102, 1, 5, 6, 10, 10, 0, 0, 0, 0),
(103, 1, 6, 1, 10, 10, 0, 0, 0, 0),
(104, 1, 6, 2, 10, 9, 0, 0, 0, 1),
(105, 1, 6, 3, 10, 10, 0, 0, 0, 0),
(106, 1, 6, 4, 10, 10, 0, 0, 0, 0),
(107, 1, 6, 5, 20, 20, 0, 0, 0, 0),
(108, 1, 6, 6, 10, 10, 0, 0, 0, 0),
(109, 1, 7, 1, 10, 10, 0, 0, 0, 0),
(110, 1, 7, 2, 0, 0, 0, 0, 0, 0),
(111, 1, 7, 3, 0, 0, 0, 0, 0, 0),
(112, 1, 7, 4, 0, 0, 0, 0, 0, 0),
(113, 1, 7, 5, 0, 0, 0, 0, 0, 0),
(114, 1, 7, 6, 0, 0, 0, 0, 0, 0),
(115, 1, 8, 1, 10, 10, 0, 0, 0, 0),
(116, 1, 8, 2, 10, 9, 0, 0, 0, 1),
(117, 1, 8, 3, 10, 10, 0, 0, 0, 0),
(118, 1, 8, 4, 10, 10, 0, 0, 0, 0),
(119, 1, 8, 5, 10, 10, 0, 0, 0, 0),
(120, 1, 8, 6, 10, 10, 0, 0, 0, 0),
(121, 1, 9, 1, 10, 10, 0, 0, 0, 0),
(122, 1, 9, 2, 10, 10, 0, 0, 0, 0),
(123, 1, 9, 3, 10, 10, 0, 0, 0, 0),
(124, 1, 9, 4, 10, 10, 0, 0, 0, 0),
(125, 1, 9, 5, 10, 10, 0, 0, 0, 0),
(126, 1, 9, 6, 10, 10, 0, 0, 0, 0),
(127, 1, 10, 1, 10, 10, 0, 0, 0, 0),
(128, 1, 10, 2, 10, 10, 0, 0, 0, 0),
(129, 1, 10, 3, 20, 20, 0, 0, 0, 0),
(130, 1, 10, 4, 10, 10, 0, 0, 0, 0),
(131, 1, 10, 5, 20, 20, 0, 0, 0, 0),
(132, 1, 10, 6, 10, 10, 0, 0, 0, 0),
(133, 1, 11, 1, 10, 10, 0, 0, 0, 0),
(134, 1, 11, 2, 10, 10, 0, 0, 0, 0),
(135, 1, 11, 3, 0, 0, 0, 0, 0, 0),
(136, 1, 11, 4, 0, 0, 0, 0, 0, 0),
(137, 1, 11, 5, 0, 0, 0, 0, 0, 0),
(138, 1, 11, 6, 0, 0, 0, 0, 0, 0),
(139, 1, 12, 1, 10, 10, 0, 0, 0, 0),
(140, 1, 12, 2, 10, 10, 0, 0, 0, 0),
(141, 1, 12, 3, 0, 0, 0, 0, 0, 0),
(142, 1, 12, 4, 10, 10, 0, 0, 0, 0),
(143, 1, 12, 5, 0, 0, 0, 0, 0, 0),
(144, 1, 12, 6, 10, 10, 0, 0, 0, 0),
(145, 2, 1, 1, 10, 10, 0, 0, 0, 0),
(146, 2, 1, 2, 10, 10, 0, 0, 0, 0),
(147, 2, 1, 3, 20, 20, 0, 0, 0, 0),
(148, 2, 1, 4, 20, 20, 0, 0, 0, 0),
(149, 2, 1, 5, 20, 20, 0, 0, 0, 0),
(150, 2, 1, 6, 10, 10, 0, 0, 0, 0),
(151, 2, 2, 1, 10, 10, 0, 0, 0, 0),
(152, 2, 2, 2, 10, 10, 0, 0, 0, 0),
(153, 2, 2, 3, 20, 20, 0, 0, 0, 0),
(154, 2, 2, 4, 10, 10, 0, 0, 0, 0),
(155, 2, 2, 5, 20, 20, 0, 0, 0, 0),
(156, 2, 2, 6, 10, 10, 0, 0, 0, 0),
(157, 2, 3, 1, 10, 10, 0, 0, 0, 0),
(158, 2, 3, 2, 10, 10, 0, 0, 0, 0),
(159, 2, 3, 3, 10, 10, 0, 0, 0, 0),
(160, 2, 3, 4, 10, 10, 0, 0, 0, 0),
(161, 2, 3, 5, 20, 20, 0, 0, 0, 0),
(162, 2, 3, 6, 10, 10, 0, 0, 0, 0),
(163, 2, 4, 1, 10, 10, 0, 0, 0, 0),
(164, 2, 4, 2, 10, 10, 0, 0, 0, 0),
(165, 2, 4, 3, 10, 10, 0, 0, 0, 0),
(166, 2, 4, 4, 20, 20, 0, 0, 0, 0),
(167, 2, 4, 5, 10, 10, 0, 0, 0, 0),
(168, 2, 4, 6, 10, 10, 0, 0, 0, 0),
(169, 2, 5, 1, 10, 10, 0, 0, 0, 0),
(170, 2, 5, 2, 10, 10, 0, 0, 0, 0),
(171, 2, 5, 3, 10, 10, 0, 0, 0, 0),
(172, 2, 5, 4, 0, 0, 0, 0, 0, 0),
(173, 2, 5, 5, 10, 10, 0, 0, 0, 0),
(174, 2, 5, 6, 10, 10, 0, 0, 0, 0),
(175, 2, 6, 1, 10, 10, 0, 0, 0, 0),
(176, 2, 6, 2, 10, 9, 0, 0, 0, 1),
(177, 2, 6, 3, 10, 10, 0, 0, 0, 0),
(178, 2, 6, 4, 10, 10, 0, 0, 0, 0),
(179, 2, 6, 5, 20, 20, 0, 0, 0, 0),
(180, 2, 6, 6, 10, 10, 0, 0, 0, 0),
(181, 2, 7, 1, 10, 10, 0, 0, 0, 0),
(182, 2, 7, 2, 0, 0, 0, 0, 0, 0),
(183, 2, 7, 3, 0, 0, 0, 0, 0, 0),
(184, 2, 7, 4, 0, 0, 0, 0, 0, 0),
(185, 2, 7, 5, 0, 0, 0, 0, 0, 0),
(186, 2, 7, 6, 0, 0, 0, 0, 0, 0),
(187, 2, 8, 1, 10, 10, 0, 0, 0, 0),
(188, 2, 8, 2, 10, 9, 0, 0, 0, 1),
(189, 2, 8, 3, 10, 10, 0, 0, 0, 0),
(190, 2, 8, 4, 10, 10, 0, 0, 0, 0),
(191, 2, 8, 5, 10, 10, 0, 0, 0, 0),
(192, 2, 8, 6, 10, 10, 0, 0, 0, 0),
(193, 2, 9, 1, 10, 10, 0, 0, 0, 0),
(194, 2, 9, 2, 10, 10, 0, 0, 0, 0),
(195, 2, 9, 3, 10, 10, 0, 0, 0, 0),
(196, 2, 9, 4, 10, 10, 0, 0, 0, 0),
(197, 2, 9, 5, 10, 10, 0, 0, 0, 0),
(198, 2, 9, 6, 10, 10, 0, 0, 0, 0),
(199, 2, 10, 1, 10, 10, 0, 0, 0, 0),
(200, 2, 10, 2, 10, 10, 0, 0, 0, 0),
(201, 2, 10, 3, 20, 20, 0, 0, 0, 0),
(202, 2, 10, 4, 10, 10, 0, 0, 0, 0),
(203, 2, 10, 5, 20, 20, 0, 0, 0, 0),
(204, 2, 10, 6, 10, 10, 0, 0, 0, 0),
(205, 2, 11, 1, 10, 10, 0, 0, 0, 0),
(206, 2, 11, 2, 10, 10, 0, 0, 0, 0),
(207, 2, 11, 3, 0, 0, 0, 0, 0, 0),
(208, 2, 11, 4, 0, 0, 0, 0, 0, 0),
(209, 2, 11, 5, 0, 0, 0, 0, 0, 0),
(210, 2, 11, 6, 0, 0, 0, 0, 0, 0),
(211, 2, 12, 1, 10, 10, 0, 0, 0, 0),
(212, 2, 12, 2, 10, 10, 0, 0, 0, 0),
(213, 2, 12, 3, 0, 0, 0, 0, 0, 0),
(214, 2, 12, 4, 10, 10, 0, 0, 0, 0),
(215, 2, 12, 5, 0, 0, 0, 0, 0, 0),
(216, 2, 12, 6, 10, 10, 0, 0, 0, 0),
(367, 3, 1, 1, 5, 11, 0, 0, 0, -6),
(368, 3, 1, 2, 5, 5, 0, 0, 0, 0),
(369, 3, 1, 3, 20, 20, 0, 0, 0, 0),
(370, 3, 1, 4, 20, 20, 0, 0, 0, 0),
(371, 3, 1, 5, 20, 20, 0, 0, 0, 0),
(372, 3, 1, 6, 10, 10, 0, 0, 0, 0),
(373, 3, 2, 6, 10, 10, 0, 0, 0, 0),
(374, 3, 2, 5, 20, 20, 0, 0, 0, 0),
(375, 3, 2, 4, 10, 10, 0, 0, 0, 0),
(376, 3, 2, 3, 20, 20, 0, 0, 0, 0),
(377, 3, 2, 2, 5, 5, 0, 0, 0, 0),
(378, 3, 2, 1, 5, 5, 0, 0, 0, 0),
(379, 3, 3, 6, 10, 10, 0, 0, 0, 0),
(380, 3, 3, 5, 20, 20, 0, 0, 0, 0),
(381, 3, 3, 4, 10, 10, 0, 0, 0, 0),
(382, 3, 3, 3, 10, 10, 0, 0, 0, 0),
(383, 3, 3, 2, 5, 5, 0, 0, 0, 0),
(384, 3, 3, 1, 5, 5, 0, 0, 0, 0),
(385, 3, 4, 6, 10, 10, 0, 0, 0, 0),
(386, 3, 4, 5, 10, 10, 0, 0, 0, 0),
(387, 3, 4, 4, 20, 20, 0, 0, 0, 0),
(388, 3, 4, 3, 10, 10, 0, 0, 0, 0),
(389, 3, 4, 2, 0, 0, 0, 0, 0, 0),
(390, 3, 4, 1, 10, 8, 1, 1, 0, 0),
(391, 3, 5, 6, 10, 10, 0, 0, 0, 0),
(392, 3, 5, 5, 10, 10, 0, 0, 0, 0),
(393, 3, 5, 4, 0, 0, 0, 0, 0, 0),
(394, 3, 5, 3, 10, 10, 0, 0, 0, 0),
(395, 3, 5, 2, 0, 0, 0, 0, 0, 0),
(396, 3, 5, 1, 10, 10, 0, 0, 0, 0),
(397, 3, 6, 6, 10, 10, 0, 0, 0, 0),
(398, 3, 6, 5, 20, 20, 0, 0, 0, 0),
(399, 3, 6, 4, 10, 10, 0, 0, 0, 0),
(400, 3, 6, 3, 10, 10, 0, 0, 0, 0),
(401, 3, 6, 2, 0, 0, 0, 0, 0, 0),
(402, 3, 6, 1, 10, 10, 0, 0, 0, 0),
(403, 3, 7, 6, 0, 0, 0, 0, 0, 0),
(404, 3, 7, 5, 0, 0, 0, 0, 0, 0),
(405, 3, 7, 4, 0, 0, 0, 0, 0, 0),
(406, 3, 7, 3, 0, 0, 0, 0, 0, 0),
(407, 3, 7, 2, 0, 0, 0, 0, 0, 0),
(408, 3, 7, 1, 0, 10, 0, 0, 0, 0),
(409, 3, 8, 6, 10, 10, 0, 0, 0, 0),
(410, 3, 8, 5, 10, 10, 0, 0, 0, 0),
(411, 3, 8, 4, 10, 10, 0, 0, 0, 0),
(412, 3, 8, 3, 10, 10, 0, 0, 0, 0),
(413, 3, 8, 2, 0, 0, 0, 0, 0, 0),
(414, 3, 8, 1, 10, 26, 0, 0, 0, -16),
(415, 3, 9, 6, 10, 10, 0, 0, 0, 0),
(416, 3, 9, 5, 10, 10, 0, 0, 0, 0),
(417, 3, 9, 4, 10, 10, 0, 0, 0, 0),
(418, 3, 9, 3, 10, 10, 0, 0, 0, 0),
(419, 3, 9, 2, 0, 0, 0, 0, 0, 0),
(420, 3, 9, 1, 10, 10, 0, 0, 0, 0),
(421, 3, 10, 6, 10, 10, 0, 0, 0, 0),
(422, 3, 10, 5, 20, 20, 0, 0, 0, 0),
(423, 3, 10, 4, 10, 10, 0, 0, 0, 0),
(424, 3, 10, 3, 20, 20, 0, 0, 0, 0),
(425, 3, 10, 2, 0, 0, 0, 0, 0, 0),
(426, 3, 10, 1, 10, 10, 0, 0, 0, 0),
(427, 3, 11, 6, 0, 0, 0, 0, 0, 0),
(428, 3, 11, 5, 0, 0, 0, 0, 0, 0),
(429, 3, 11, 4, 0, 0, 0, 0, 0, 0),
(430, 3, 11, 3, 0, 0, 0, 0, 0, 0),
(431, 3, 11, 2, 0, 0, 0, 0, 0, 0),
(432, 3, 11, 1, 10, 10, 0, 0, 0, 0),
(433, 3, 12, 6, 10, 10, 0, 0, 0, 0),
(434, 3, 12, 5, 0, 0, 0, 0, 0, 0),
(435, 3, 12, 4, 10, 10, 0, 0, 0, 0),
(436, 3, 12, 3, 0, 0, 0, 0, 0, 0),
(437, 3, 12, 2, 0, 0, 0, 0, 0, 0),
(438, 3, 12, 1, 10, 10, 0, 0, 0, 0),
(439, 3, 13, 6, 0, 0, 0, 0, 0, 0),
(440, 3, 13, 5, 0, 0, 0, 0, 0, 0),
(441, 3, 13, 4, 0, 0, 0, 0, 0, 0),
(442, 3, 13, 3, 0, 0, 0, 0, 0, 0),
(443, 3, 13, 2, 0, 0, 0, 0, 0, 0),
(444, 3, 13, 1, 10, 10, 0, 0, 0, 0),
(445, 3, 14, 1, 10, 10, 0, 0, 0, 0),
(446, 3, 14, 2, 0, 0, 0, 0, 0, 0),
(447, 3, 14, 3, 0, 0, 0, 0, 0, 0),
(448, 3, 14, 4, 0, 0, 0, 0, 0, 0),
(449, 3, 14, 5, 0, 0, 0, 0, 0, 0),
(450, 3, 14, 6, 0, 0, 0, 0, 0, 0),
(451, 4, 1, 1, 5, 4, 0, 0, 1, 0),
(452, 4, 1, 2, 4, 4, 0, 0, 0, 0),
(453, 4, 1, 3, 21, 21, 0, 0, 0, 0),
(454, 4, 1, 4, 20, 20, 0, 0, 0, 0),
(455, 4, 1, 5, 20, 20, 0, 0, 0, 0),
(456, 4, 1, 6, 10, 10, 0, 0, 0, 0),
(457, 4, 2, 1, 6, 6, 0, 0, 0, 0),
(458, 4, 2, 2, 4, 4, 0, 0, 0, 0),
(459, 4, 2, 3, 20, 20, 0, 0, 0, 0),
(460, 4, 2, 4, 10, 10, 0, 0, 0, 0),
(461, 4, 2, 5, 20, 20, 0, 0, 0, 0),
(462, 4, 2, 6, 10, 10, 0, 0, 0, 0),
(463, 4, 3, 1, 6, 6, 0, 0, 0, 0),
(464, 4, 3, 2, 4, 4, 0, 0, 0, 0),
(465, 4, 3, 3, 10, 10, 0, 0, 0, 0),
(466, 4, 3, 4, 10, 10, 0, 0, 0, 0),
(467, 4, 3, 5, 20, 20, 0, 0, 0, 0),
(468, 4, 3, 6, 10, 10, 0, 0, 0, 0),
(469, 4, 4, 1, 11, 6, 0, 0, 5, 0),
(470, 4, 4, 2, 0, 0, 0, 0, 0, 0),
(471, 4, 4, 3, 9, 9, 0, 0, 0, 0),
(472, 4, 4, 4, 20, 20, 0, 0, 0, 0),
(473, 4, 4, 5, 10, 10, 0, 0, 0, 0),
(474, 4, 4, 6, 10, 10, 0, 0, 0, 0),
(475, 4, 5, 1, 10, 10, 0, 0, 0, 0),
(476, 4, 5, 2, 0, 0, 0, 0, 0, 0),
(477, 4, 5, 3, 10, 10, 0, 0, 0, 0),
(478, 4, 5, 4, 0, 0, 0, 0, 0, 0),
(479, 4, 5, 5, 10, 10, 0, 0, 0, 0),
(480, 4, 5, 6, 10, 10, 0, 0, 0, 0),
(481, 4, 6, 1, 10, 10, 0, 0, 0, 0),
(482, 4, 6, 2, 0, 0, 0, 0, 0, 0),
(483, 4, 6, 3, 10, 10, 0, 0, 0, 0),
(484, 4, 6, 4, 10, 10, 0, 0, 0, 0),
(485, 4, 6, 5, 20, 20, 0, 0, 0, 0),
(486, 4, 6, 6, 10, 10, 0, 0, 0, 0),
(487, 4, 7, 1, 0, 10, 0, 0, 0, 0),
(488, 4, 7, 2, 0, 0, 0, 0, 0, 0),
(489, 4, 7, 3, 0, 0, 0, 0, 0, 0),
(490, 4, 7, 4, 0, 0, 0, 0, 0, 0),
(491, 4, 7, 5, 0, 0, 0, 0, 0, 0),
(492, 4, 7, 6, 0, 0, 0, 0, 0, 0),
(493, 4, 8, 1, 10, 9, 0, 0, 1, 0),
(494, 4, 8, 2, 0, 0, 0, 0, 0, 0),
(495, 4, 8, 3, 10, 10, 0, 0, 0, 0),
(496, 4, 8, 4, 10, 10, 0, 0, 0, 0),
(497, 4, 8, 5, 10, 10, 0, 0, 0, 0),
(498, 4, 8, 6, 10, 10, 0, 0, 0, 0),
(499, 4, 9, 1, 10, 10, 0, 0, 0, 0),
(500, 4, 9, 2, 0, 0, 0, 0, 0, 0),
(501, 4, 9, 3, 10, 10, 0, 0, 0, 0),
(502, 4, 9, 4, 10, 10, 0, 0, 0, 0),
(503, 4, 9, 5, 10, 10, 0, 0, 0, 0),
(504, 4, 9, 6, 10, 10, 0, 0, 0, 0),
(505, 4, 10, 1, 10, 10, 0, 0, 0, 0),
(506, 4, 10, 2, 0, 0, 0, 0, 0, 0),
(507, 4, 10, 3, 20, 20, 0, 0, 0, 0),
(508, 4, 10, 4, 10, 10, 0, 0, 0, 0),
(509, 4, 10, 5, 20, 20, 0, 0, 0, 0),
(510, 4, 10, 6, 10, 10, 0, 0, 0, 0),
(511, 4, 11, 1, 10, 10, 0, 0, 0, 0),
(512, 4, 11, 2, 0, 0, 0, 0, 0, 0),
(513, 4, 11, 3, 0, 0, 0, 0, 0, 0),
(514, 4, 11, 4, 0, 0, 0, 0, 0, 0),
(515, 4, 11, 5, 0, 0, 0, 0, 0, 0),
(516, 4, 11, 6, 0, 0, 0, 0, 0, 0),
(517, 4, 12, 1, 10, 10, 0, 0, 0, 0),
(518, 4, 12, 2, 0, 0, 0, 0, 0, 0),
(519, 4, 12, 3, 0, 0, 0, 0, 0, 0),
(520, 4, 12, 4, 10, 10, 0, 0, 0, 0),
(521, 4, 12, 5, 0, 0, 0, 0, 0, 0),
(522, 4, 12, 6, 10, 10, 0, 0, 0, 0),
(523, 4, 13, 1, 10, 10, 0, 0, 0, 0),
(524, 4, 13, 2, 0, 0, 0, 0, 0, 0),
(525, 4, 13, 3, 0, 0, 0, 0, 0, 0),
(526, 4, 13, 4, 0, 0, 0, 0, 0, 0),
(527, 4, 13, 5, 0, 0, 0, 0, 0, 0),
(528, 4, 13, 6, 0, 0, 0, 0, 0, 0),
(529, 4, 14, 1, 10, 10, 0, 0, 0, 0),
(530, 4, 14, 2, 0, 0, 0, 0, 0, 0),
(531, 4, 14, 3, 0, 0, 0, 0, 0, 0),
(532, 4, 14, 4, 0, 0, 0, 0, 0, 0),
(533, 4, 14, 5, 0, 0, 0, 0, 0, 0),
(534, 4, 14, 6, 0, 0, 0, 0, 0, 0),
(535, 5, 1, 1, 21, 21, 0, 0, 0, 0),
(536, 5, 1, 2, 8, 8, 0, 0, 0, 0),
(537, 5, 1, 3, 1, 1, 0, 0, 0, 0),
(538, 5, 1, 4, 20, 20, 0, 0, 0, 0),
(539, 5, 1, 5, 20, 20, 0, 0, 0, 0),
(540, 5, 1, 6, 10, 10, 0, 0, 0, 0),
(541, 5, 2, 1, 0, 0, 0, 0, 0, 0),
(542, 5, 2, 2, 10, 10, 0, 0, 0, 0),
(543, 5, 2, 3, 20, 20, 0, 0, 0, 0),
(544, 5, 2, 4, 10, 10, 0, 0, 0, 0),
(545, 5, 2, 5, 20, 20, 0, 0, 0, 0),
(546, 5, 2, 6, 10, 10, 0, 0, 0, 0),
(547, 5, 3, 1, 0, 0, 0, 0, 0, 0),
(548, 5, 3, 2, 10, 10, 0, 0, 0, 0),
(549, 5, 3, 3, 10, 10, 0, 0, 0, 0),
(550, 5, 3, 4, 10, 10, 0, 0, 0, 0),
(551, 5, 3, 5, 20, 20, 0, 0, 0, 0),
(552, 5, 3, 6, 10, 10, 0, 0, 0, 0),
(553, 5, 4, 1, 5, 5, 0, 0, 0, 0),
(554, 5, 4, 2, 11, 11, 0, 0, 0, 0),
(555, 5, 4, 3, 4, 4, 0, 0, 0, 0),
(556, 5, 4, 4, 20, 20, 0, 0, 0, 0),
(557, 5, 4, 5, 10, 10, 0, 0, 0, 0),
(558, 5, 4, 6, 10, 10, 0, 0, 0, 0),
(559, 5, 5, 1, 5, 5, 0, 0, 0, 0),
(560, 5, 5, 2, 10, 10, 0, 0, 0, 0),
(561, 5, 5, 3, 5, 5, 0, 0, 0, 0),
(562, 5, 5, 4, 0, 0, 0, 0, 0, 0),
(563, 5, 5, 5, 10, 10, 0, 0, 0, 0),
(564, 5, 5, 6, 10, 10, 0, 0, 0, 0),
(565, 5, 6, 1, 5, 9, 0, 0, 0, -4),
(566, 5, 6, 2, 10, 10, 0, 0, 0, 0),
(567, 5, 6, 3, 5, 5, 0, 0, 0, 0),
(568, 5, 6, 4, 10, 10, 0, 0, 0, 0),
(569, 5, 6, 5, 20, 20, 0, 0, 0, 0),
(570, 5, 6, 6, 10, 10, 0, 0, 0, 0),
(571, 5, 7, 1, 0, 0, 0, 0, 0, 0),
(572, 5, 7, 2, 0, 10, 0, 0, 0, 0),
(573, 5, 7, 3, 0, 0, 0, 0, 0, 0),
(574, 5, 7, 4, 0, 0, 0, 0, 0, 0),
(575, 5, 7, 5, 0, 0, 0, 0, 0, 0),
(576, 5, 7, 6, 0, 0, 0, 0, 0, 0),
(577, 5, 8, 1, 0, 0, 0, 0, 0, 0),
(578, 5, 8, 2, 10, 10, 0, 0, 0, 0),
(579, 5, 8, 3, 10, 10, 0, 0, 0, 0),
(580, 5, 8, 4, 10, 10, 0, 0, 0, 0),
(581, 5, 8, 5, 10, 10, 0, 0, 0, 0),
(582, 5, 8, 6, 10, 10, 0, 0, 0, 0),
(583, 5, 9, 1, 5, 5, 0, 0, 0, 0),
(584, 5, 9, 2, 10, 10, 0, 0, 0, 0),
(585, 5, 9, 3, 5, 5, 0, 0, 0, 0),
(586, 5, 9, 4, 10, 10, 0, 0, 0, 0),
(587, 5, 9, 5, 10, 10, 0, 0, 0, 0),
(588, 5, 9, 6, 10, 10, 0, 0, 0, 0),
(589, 5, 10, 1, 0, 0, 0, 0, 0, 0),
(590, 5, 10, 2, 10, 10, 0, 0, 0, 0),
(591, 5, 10, 3, 20, 20, 0, 0, 0, 0),
(592, 5, 10, 4, 10, 10, 0, 0, 0, 0),
(593, 5, 10, 5, 20, 20, 0, 0, 0, 0),
(594, 5, 10, 6, 10, 10, 0, 0, 0, 0),
(595, 5, 11, 1, 0, 0, 0, 0, 0, 0),
(596, 5, 11, 2, 10, 10, 0, 0, 0, 0),
(597, 5, 11, 3, 0, 0, 0, 0, 0, 0),
(598, 5, 11, 4, 0, 0, 0, 0, 0, 0),
(599, 5, 11, 5, 0, 0, 0, 0, 0, 0),
(600, 5, 11, 6, 0, 0, 0, 0, 0, 0),
(601, 5, 12, 1, 0, 0, 0, 0, 0, 0),
(602, 5, 12, 2, 10, 10, 0, 0, 0, 0),
(603, 5, 12, 3, 0, 0, 0, 0, 0, 0),
(604, 5, 12, 4, 10, 10, 0, 0, 0, 0),
(605, 5, 12, 5, 0, 0, 0, 0, 0, 0),
(606, 5, 12, 6, 10, 10, 0, 0, 0, 0),
(607, 5, 13, 1, 0, 0, 0, 0, 0, 0),
(608, 5, 13, 2, 10, 10, 0, 0, 0, 0),
(609, 5, 13, 3, 0, 0, 0, 0, 0, 0),
(610, 5, 13, 4, 0, 0, 0, 0, 0, 0),
(611, 5, 13, 5, 0, 0, 0, 0, 0, 0),
(612, 5, 13, 6, 0, 0, 0, 0, 0, 0),
(613, 5, 14, 1, 0, 0, 0, 0, 0, 0),
(614, 5, 14, 2, 10, 10, 0, 0, 0, 0),
(615, 5, 14, 3, 0, 0, 0, 0, 0, 0),
(616, 5, 14, 4, 0, 0, 0, 0, 0, 0),
(617, 5, 14, 5, 0, 0, 0, 0, 0, 0),
(618, 5, 14, 6, 0, 0, 0, 0, 0, 0),
(619, 6, 1, 1, 21, 15, 5, 1, 0, 0),
(620, 6, 1, 2, 8, 8, 0, 0, 0, 0),
(621, 6, 1, 3, 1, 1, 0, 0, 0, 0),
(622, 6, 1, 4, 20, 20, 0, 0, 0, 0),
(623, 6, 1, 5, 20, 20, 0, 0, 0, 0),
(624, 6, 1, 6, 10, 10, 0, 0, 0, 0),
(625, 6, 2, 1, 0, 0, 0, 0, 0, 0),
(626, 6, 2, 2, 10, 10, 0, 0, 0, 0),
(627, 6, 2, 3, 20, 20, 0, 0, 0, 0),
(628, 6, 2, 4, 10, 10, 0, 0, 0, 0),
(629, 6, 2, 5, 20, 20, 0, 0, 0, 0),
(630, 6, 2, 6, 10, 10, 0, 0, 0, 0),
(631, 6, 3, 1, 0, 0, 0, 0, 0, 0),
(632, 6, 3, 2, 10, 10, 0, 0, 0, 0),
(633, 6, 3, 3, 10, 10, 0, 0, 0, 0),
(634, 6, 3, 4, 10, 10, 0, 0, 0, 0),
(635, 6, 3, 5, 20, 20, 0, 0, 0, 0),
(636, 6, 3, 6, 10, 10, 0, 0, 0, 0),
(637, 6, 4, 1, 5, 5, 0, 0, 0, 0),
(638, 6, 4, 2, 11, 11, 0, 0, 0, 0),
(639, 6, 4, 3, 4, 4, 0, 0, 0, 0),
(640, 6, 4, 4, 20, 20, 0, 0, 0, 0),
(641, 6, 4, 5, 10, 10, 0, 0, 0, 0),
(642, 6, 4, 6, 10, 10, 0, 0, 0, 0),
(643, 6, 5, 1, 5, 5, 0, 0, 0, 0),
(644, 6, 5, 2, 10, 10, 0, 0, 0, 0),
(645, 6, 5, 3, 5, 5, 0, 0, 0, 0),
(646, 6, 5, 4, 0, 0, 0, 0, 0, 0),
(647, 6, 5, 5, 10, 10, 0, 0, 0, 0),
(648, 6, 5, 6, 10, 10, 0, 0, 0, 0),
(649, 6, 6, 1, 5, 5, 0, 0, 0, 0),
(650, 6, 6, 2, 10, 10, 0, 0, 0, 0),
(651, 6, 6, 3, 5, 5, 0, 0, 0, 0),
(652, 6, 6, 4, 10, 10, 0, 0, 0, 0),
(653, 6, 6, 5, 20, 20, 0, 0, 0, 0),
(654, 6, 6, 6, 10, 10, 0, 0, 0, 0),
(655, 6, 7, 1, 0, 0, 0, 0, 0, 0),
(656, 6, 7, 2, 10, 10, 0, 0, 0, 0),
(657, 6, 7, 3, 0, 0, 0, 0, 0, 0),
(658, 6, 7, 4, 0, 0, 0, 0, 0, 0),
(659, 6, 7, 5, 0, 0, 0, 0, 0, 0),
(660, 6, 7, 6, 0, 0, 0, 0, 0, 0),
(661, 6, 8, 1, 0, 0, 0, 0, 0, 0),
(662, 6, 8, 2, 10, 10, 0, 0, 0, 0),
(663, 6, 8, 3, 10, 10, 0, 0, 0, 0),
(664, 6, 8, 4, 10, 10, 0, 0, 0, 0),
(665, 6, 8, 5, 10, 10, 0, 0, 0, 0),
(666, 6, 8, 6, 10, 10, 0, 0, 0, 0),
(667, 6, 9, 1, 5, 4, 1, 0, 0, 0),
(668, 6, 9, 2, 10, 10, 0, 0, 0, 0),
(669, 6, 9, 3, 5, 5, 0, 0, 0, 0),
(670, 6, 9, 4, 10, 10, 0, 0, 0, 0),
(671, 6, 9, 5, 10, 10, 0, 0, 0, 0),
(672, 6, 9, 6, 10, 10, 0, 0, 0, 0),
(673, 6, 10, 1, 0, 0, 0, 0, 0, 0),
(674, 6, 10, 2, 10, 10, 0, 0, 0, 0),
(675, 6, 10, 3, 20, 20, 0, 0, 0, 0),
(676, 6, 10, 4, 10, 10, 0, 0, 0, 0),
(677, 6, 10, 5, 20, 20, 0, 0, 0, 0),
(678, 6, 10, 6, 10, 10, 0, 0, 0, 0),
(679, 6, 11, 1, 0, 0, 0, 0, 0, 0),
(680, 6, 11, 2, 10, 10, 0, 0, 0, 0),
(681, 6, 11, 3, 0, 0, 0, 0, 0, 0),
(682, 6, 11, 4, 0, 0, 0, 0, 0, 0),
(683, 6, 11, 5, 0, 0, 0, 0, 0, 0),
(684, 6, 11, 6, 0, 0, 0, 0, 0, 0),
(685, 6, 12, 1, 0, 0, 0, 0, 0, 0),
(686, 6, 12, 2, 10, 10, 0, 0, 0, 0),
(687, 6, 12, 3, 0, 0, 0, 0, 0, 0),
(688, 6, 12, 4, 10, 10, 0, 0, 0, 0),
(689, 6, 12, 5, 0, 0, 0, 0, 0, 0),
(690, 6, 12, 6, 10, 10, 0, 0, 0, 0),
(691, 6, 13, 1, 0, 0, 0, 0, 0, 0),
(692, 6, 13, 2, 10, 10, 0, 0, 0, 0),
(693, 6, 13, 3, 0, 0, 0, 0, 0, 0),
(694, 6, 13, 4, 0, 0, 0, 0, 0, 0),
(695, 6, 13, 5, 0, 0, 0, 0, 0, 0),
(696, 6, 13, 6, 0, 0, 0, 0, 0, 0),
(697, 6, 14, 1, 0, 0, 0, 0, 0, 0),
(698, 6, 14, 2, 10, 10, 0, 0, 0, 0),
(699, 6, 14, 3, 0, 0, 0, 0, 0, 0),
(700, 6, 14, 4, 0, 0, 0, 0, 0, 0),
(701, 6, 14, 5, 0, 0, 0, 0, 0, 0),
(702, 6, 14, 6, 0, 0, 0, 0, 0, 0),
(703, 7, 1, 1, 19, 13, 5, 1, 0, 0),
(704, 7, 1, 2, 8, 2, 5, 1, 0, 0),
(705, 7, 1, 3, 3, 3, 0, 0, 0, 0),
(706, 7, 1, 4, 20, 20, 0, 0, 0, 0),
(707, 7, 1, 5, 20, 20, 0, 0, 0, 0),
(708, 7, 1, 6, 10, 10, 0, 0, 0, 0),
(709, 7, 2, 1, 0, 0, 0, 0, 0, 0),
(710, 7, 2, 2, 10, 8, 1, 1, 0, 0),
(711, 7, 2, 3, 20, 20, 0, 0, 0, 0),
(712, 7, 2, 4, 10, 10, 0, 0, 0, 0),
(713, 7, 2, 5, 20, 20, 0, 0, 0, 0),
(714, 7, 2, 6, 10, 10, 0, 0, 0, 0),
(715, 7, 3, 1, 0, 0, 0, 0, 0, 0),
(716, 7, 3, 2, 10, 10, 0, 0, 0, 0),
(717, 7, 3, 3, 10, 10, 0, 0, 0, 0),
(718, 7, 3, 4, 10, 10, 0, 0, 0, 0),
(719, 7, 3, 5, 20, 20, 0, 0, 0, 0),
(720, 7, 3, 6, 10, 10, 0, 0, 0, 0),
(721, 7, 4, 1, 5, 5, 0, 0, 0, 0),
(722, 7, 4, 2, 11, 7, 2, 2, 0, 0),
(723, 7, 4, 3, 4, 4, 0, 0, 0, 0),
(724, 7, 4, 4, 20, 20, 0, 0, 0, 0),
(725, 7, 4, 5, 10, 10, 0, 0, 0, 0),
(726, 7, 4, 6, 10, 10, 0, 0, 0, 0),
(727, 7, 5, 1, 5, 5, 0, 0, 0, 0),
(728, 7, 5, 2, 10, 10, 0, 0, 0, 0),
(729, 7, 5, 3, 5, 5, 0, 0, 0, 0),
(730, 7, 5, 4, 0, 0, 0, 0, 0, 0),
(731, 7, 5, 5, 10, 10, 0, 0, 0, 0),
(732, 7, 5, 6, 10, 10, 0, 0, 0, 0),
(733, 7, 6, 1, 5, 5, 0, 0, 0, 0),
(734, 7, 6, 2, 10, 10, 0, 0, 0, 0),
(735, 7, 6, 3, 5, 5, 0, 0, 0, 0),
(736, 7, 6, 4, 10, 10, 0, 0, 0, 0),
(737, 7, 6, 5, 20, 20, 0, 0, 0, 0),
(738, 7, 6, 6, 10, 10, 0, 0, 0, 0),
(739, 7, 7, 1, 0, 0, 0, 0, 0, 0),
(740, 7, 7, 2, 10, 6, 2, 2, 0, 0),
(741, 7, 7, 3, 0, 0, 0, 0, 0, 0),
(742, 7, 7, 4, 0, 0, 0, 0, 0, 0),
(743, 7, 7, 5, 0, 0, 0, 0, 0, 0),
(744, 7, 7, 6, 0, 0, 0, 0, 0, 0),
(745, 7, 8, 1, 0, 0, 0, 0, 0, 0),
(746, 7, 8, 2, 10, 10, 0, 0, 0, 0),
(747, 7, 8, 3, 10, 10, 0, 0, 0, 0),
(748, 7, 8, 4, 10, 10, 0, 0, 0, 0),
(749, 7, 8, 5, 10, 10, 0, 0, 0, 0),
(750, 7, 8, 6, 10, 10, 0, 0, 0, 0),
(751, 7, 9, 1, 5, 4, 1, 0, 0, 0),
(752, 7, 9, 2, 10, 10, 0, 0, 0, 0),
(753, 7, 9, 3, 5, 5, 0, 0, 0, 0),
(754, 7, 9, 4, 10, 10, 0, 0, 0, 0),
(755, 7, 9, 5, 10, 10, 0, 0, 0, 0),
(756, 7, 9, 6, 10, 10, 0, 0, 0, 0),
(757, 7, 10, 1, 0, 0, 0, 0, 0, 0),
(758, 7, 10, 2, 10, 10, 0, 0, 0, 0),
(759, 7, 10, 3, 20, 20, 0, 0, 0, 0),
(760, 7, 10, 4, 10, 10, 0, 0, 0, 0),
(761, 7, 10, 5, 20, 20, 0, 0, 0, 0),
(762, 7, 10, 6, 10, 10, 0, 0, 0, 0),
(763, 7, 11, 1, 0, 0, 0, 0, 0, 0),
(764, 7, 11, 2, 10, 10, 0, 0, 0, 0),
(765, 7, 11, 3, 0, 0, 0, 0, 0, 0),
(766, 7, 11, 4, 0, 0, 0, 0, 0, 0),
(767, 7, 11, 5, 0, 0, 0, 0, 0, 0),
(768, 7, 11, 6, 0, 0, 0, 0, 0, 0),
(769, 7, 12, 1, 0, 0, 0, 0, 0, 0),
(770, 7, 12, 2, 10, 10, 0, 0, 0, 0),
(771, 7, 12, 3, 0, 0, 0, 0, 0, 0),
(772, 7, 12, 4, 10, 10, 0, 0, 0, 0),
(773, 7, 12, 5, 0, 0, 0, 0, 0, 0),
(774, 7, 12, 6, 10, 10, 0, 0, 0, 0),
(775, 7, 13, 1, 0, 0, 0, 0, 0, 0),
(776, 7, 13, 2, 10, 10, 0, 0, 0, 0),
(777, 7, 13, 3, 0, 0, 0, 0, 0, 0),
(778, 7, 13, 4, 0, 0, 0, 0, 0, 0),
(779, 7, 13, 5, 0, 0, 0, 0, 0, 0),
(780, 7, 13, 6, 0, 0, 0, 0, 0, 0),
(781, 7, 14, 1, 0, 0, 0, 0, 0, 0),
(782, 7, 14, 2, 10, 10, 0, 0, 0, 0),
(783, 7, 14, 3, 0, 0, 0, 0, 0, 0),
(784, 7, 14, 4, 0, 0, 0, 0, 0, 0),
(785, 7, 14, 5, 0, 0, 0, 0, 0, 0),
(786, 7, 14, 6, 0, 0, 0, 0, 0, 0),
(871, 8, 1, 1, 19, 19, 0, 0, 0, 0),
(872, 8, 1, 2, 8, 8, 0, 0, 0, 0),
(873, 8, 1, 3, 3, 3, 0, 0, 0, 0),
(874, 8, 1, 4, 20, 20, 0, 0, 0, 0),
(875, 8, 1, 5, 20, 20, 0, 0, 0, 0),
(876, 8, 1, 6, 10, 10, 0, 0, 0, 0),
(877, 8, 2, 6, 10, 10, 0, 0, 0, 0),
(878, 8, 2, 5, 20, 20, 0, 0, 0, 0),
(879, 8, 2, 4, 10, 10, 0, 0, 0, 0),
(880, 8, 2, 3, 20, 20, 0, 0, 0, 0),
(881, 8, 2, 2, 10, 10, 0, 0, 0, 0),
(882, 8, 2, 1, 0, 0, 0, 0, 0, 0),
(883, 8, 3, 6, 10, 10, 0, 0, 0, 0),
(884, 8, 3, 5, 20, 20, 0, 0, 0, 0),
(885, 8, 3, 4, 10, 10, 0, 0, 0, 0),
(886, 8, 3, 3, 10, 10, 0, 0, 0, 0),
(887, 8, 3, 2, 10, 10, 0, 0, 0, 0),
(888, 8, 3, 1, 0, 0, 0, 0, 0, 0),
(889, 8, 4, 6, 10, 10, 0, 0, 0, 0),
(890, 8, 4, 5, 10, 10, 0, 0, 0, 0),
(891, 8, 4, 4, 20, 20, 0, 0, 0, 0),
(892, 8, 4, 3, 4, 4, 0, 0, 0, 0),
(893, 8, 4, 2, 11, 11, 0, 0, 0, 0),
(894, 8, 4, 1, 5, 5, 0, 0, 0, 0),
(895, 8, 5, 6, 10, 10, 0, 0, 0, 0),
(896, 8, 5, 5, 10, 10, 0, 0, 0, 0),
(897, 8, 5, 4, 0, 0, 0, 0, 0, 0),
(898, 8, 5, 3, 5, 5, 0, 0, 0, 0),
(899, 8, 5, 2, 10, 10, 0, 0, 0, 0),
(900, 8, 5, 1, 5, 5, 0, 0, 0, 0),
(901, 8, 6, 6, 10, 10, 0, 0, 0, 0),
(902, 8, 6, 5, 20, 20, 0, 0, 0, 0),
(903, 8, 6, 4, 10, 10, 0, 0, 0, 0),
(904, 8, 6, 3, 5, 5, 0, 0, 0, 0),
(905, 8, 6, 2, 10, 10, 0, 0, 0, 0),
(906, 8, 6, 1, 5, 5, 0, 0, 0, 0),
(907, 8, 7, 6, 0, 0, 0, 0, 0, 0),
(908, 8, 7, 5, 0, 0, 0, 0, 0, 0),
(909, 8, 7, 4, 0, 0, 0, 0, 0, 0),
(910, 8, 7, 3, 0, 0, 0, 0, 0, 0),
(911, 8, 7, 2, 10, 10, 0, 0, 0, 0),
(912, 8, 7, 1, 0, 0, 0, 0, 0, 0),
(913, 8, 8, 6, 10, 10, 0, 0, 0, 0),
(914, 8, 8, 5, 10, 10, 0, 0, 0, 0),
(915, 8, 8, 4, 10, 10, 0, 0, 0, 0),
(916, 8, 8, 3, 10, 10, 0, 0, 0, 0),
(917, 8, 8, 2, 10, 10, 0, 0, 0, 0),
(918, 8, 8, 1, 0, 0, 0, 0, 0, 0),
(919, 8, 9, 6, 10, 10, 0, 0, 0, 0),
(920, 8, 9, 5, 10, 10, 0, 0, 0, 0),
(921, 8, 9, 4, 10, 10, 0, 0, 0, 0),
(922, 8, 9, 3, 5, 5, 0, 0, 0, 0),
(923, 8, 9, 2, 10, 10, 0, 0, 0, 0),
(924, 8, 9, 1, 5, 5, 0, 0, 0, 0),
(925, 8, 10, 6, 10, 10, 0, 0, 0, 0),
(926, 8, 10, 5, 20, 20, 0, 0, 0, 0),
(927, 8, 10, 4, 10, 10, 0, 0, 0, 0),
(928, 8, 10, 3, 20, 20, 0, 0, 0, 0),
(929, 8, 10, 2, 10, 10, 0, 0, 0, 0),
(930, 8, 10, 1, 0, 0, 0, 0, 0, 0),
(931, 8, 11, 6, 0, 0, 0, 0, 0, 0),
(932, 8, 11, 5, 0, 0, 0, 0, 0, 0),
(933, 8, 11, 4, 0, 0, 0, 0, 0, 0),
(934, 8, 11, 3, 0, 0, 0, 0, 0, 0),
(935, 8, 11, 2, 10, 10, 0, 0, 0, 0),
(936, 8, 11, 1, 0, 0, 0, 0, 0, 0),
(937, 8, 12, 6, 10, 10, 0, 0, 0, 0),
(938, 8, 12, 5, 0, 0, 0, 0, 0, 0),
(939, 8, 12, 4, 10, 10, 0, 0, 0, 0),
(940, 8, 12, 3, 0, 0, 0, 0, 0, 0),
(941, 8, 12, 2, 10, 10, 0, 0, 0, 0),
(942, 8, 12, 1, 0, 0, 0, 0, 0, 0),
(943, 8, 13, 6, 0, 0, 0, 0, 0, 0),
(944, 8, 13, 5, 0, 0, 0, 0, 0, 0),
(945, 8, 13, 4, 0, 0, 0, 0, 0, 0),
(946, 8, 13, 3, 0, 0, 0, 0, 0, 0),
(947, 8, 13, 2, 10, 10, 0, 0, 0, 0),
(948, 8, 13, 1, 0, 0, 0, 0, 0, 0),
(949, 8, 14, 6, 0, 0, 0, 0, 0, 0),
(950, 8, 14, 5, 0, 0, 0, 0, 0, 0),
(951, 8, 14, 4, 0, 0, 0, 0, 0, 0),
(952, 8, 14, 3, 0, 0, 0, 0, 0, 0),
(953, 8, 14, 2, 10, 10, 0, 0, 0, 0),
(954, 8, 14, 1, 0, 0, 0, 0, 0, 0),
(955, 8, 16, 1, 5, 5, 0, 0, 0, 0),
(956, 8, 16, 2, 10, 10, 0, 0, 0, 0),
(957, 8, 16, 3, 20, 20, 0, 0, 0, 0),
(958, 8, 16, 4, 0, 0, 0, 0, 0, 0),
(959, 8, 16, 5, 0, 0, 0, 0, 0, 0),
(960, 8, 16, 6, 0, 0, 0, 0, 0, 0),
(1051, 9, 1, 1, 19, 19, 0, 0, 0, 0),
(1052, 9, 1, 2, 8, 8, 0, 0, 0, 0),
(1053, 9, 1, 3, 3, 2, 0, 0, 1, 0),
(1054, 9, 1, 4, 20, 20, 0, 0, 0, 0),
(1055, 9, 1, 5, 20, 20, 0, 0, 0, 0),
(1056, 9, 1, 6, 10, 10, 0, 0, 0, 0),
(1057, 9, 2, 6, 10, 10, 0, 0, 0, 0),
(1058, 9, 2, 5, 20, 20, 0, 0, 0, 0),
(1059, 9, 2, 4, 10, 10, 0, 0, 0, 0),
(1060, 9, 2, 3, 20, 20, 0, 0, 0, 0),
(1061, 9, 2, 2, 10, 10, 0, 0, 0, 0),
(1062, 9, 2, 1, 0, 0, 0, 0, 0, 0),
(1063, 9, 3, 6, 10, 10, 0, 0, 0, 0),
(1064, 9, 3, 5, 20, 20, 0, 0, 0, 0),
(1065, 9, 3, 4, 10, 10, 0, 0, 0, 0),
(1066, 9, 3, 3, 10, 10, 0, 0, 0, 0),
(1067, 9, 3, 2, 10, 10, 0, 0, 0, 0),
(1068, 9, 3, 1, 0, 0, 0, 0, 0, 0),
(1069, 9, 4, 6, 10, 10, 0, 0, 0, 0),
(1070, 9, 4, 5, 10, 10, 0, 0, 0, 0),
(1071, 9, 4, 4, 20, 20, 0, 0, 0, 0),
(1072, 9, 4, 3, 4, 4, 0, 0, 0, 0),
(1073, 9, 4, 2, 11, 11, 0, 0, 0, 0),
(1074, 9, 4, 1, 5, 5, 0, 0, 0, 0),
(1075, 9, 5, 6, 10, 10, 0, 0, 0, 0),
(1076, 9, 5, 5, 10, 10, 0, 0, 0, 0),
(1077, 9, 5, 4, 0, 0, 0, 0, 0, 0),
(1078, 9, 5, 3, 5, 5, 0, 0, 0, 0),
(1079, 9, 5, 2, 10, 10, 0, 0, 0, 0),
(1080, 9, 5, 1, 5, 5, 0, 0, 0, 0),
(1081, 9, 6, 6, 10, 10, 0, 0, 0, 0),
(1082, 9, 6, 5, 20, 20, 0, 0, 0, 0),
(1083, 9, 6, 4, 10, 10, 0, 0, 0, 0),
(1084, 9, 6, 3, 5, 5, 0, 0, 0, 0),
(1085, 9, 6, 2, 10, 10, 0, 0, 0, 0),
(1086, 9, 6, 1, 5, 5, 0, 0, 0, 0),
(1087, 9, 7, 6, 0, 0, 0, 0, 0, 0),
(1088, 9, 7, 5, 0, 0, 0, 0, 0, 0),
(1089, 9, 7, 4, 0, 0, 0, 0, 0, 0),
(1090, 9, 7, 3, 0, 0, 0, 0, 0, 0),
(1091, 9, 7, 2, 10, 10, 0, 0, 0, 0),
(1092, 9, 7, 1, 0, 0, 0, 0, 0, 0),
(1093, 9, 8, 6, 10, 10, 0, 0, 0, 0),
(1094, 9, 8, 5, 10, 10, 0, 0, 0, 0),
(1095, 9, 8, 4, 10, 10, 0, 0, 0, 0),
(1096, 9, 8, 3, 10, 10, 0, 0, 0, 0),
(1097, 9, 8, 2, 10, 10, 0, 0, 0, 0),
(1098, 9, 8, 1, 0, 0, 0, 0, 0, 0),
(1099, 9, 9, 6, 10, 10, 0, 0, 0, 0),
(1100, 9, 9, 5, 10, 10, 0, 0, 0, 0),
(1101, 9, 9, 4, 10, 10, 0, 0, 0, 0),
(1102, 9, 9, 3, 5, 5, 0, 0, 0, 0),
(1103, 9, 9, 2, 10, 10, 0, 0, 0, 0),
(1104, 9, 9, 1, 5, 5, 0, 0, 0, 0),
(1105, 9, 10, 6, 10, 10, 0, 0, 0, 0),
(1106, 9, 10, 5, 20, 20, 0, 0, 0, 0),
(1107, 9, 10, 4, 10, 10, 0, 0, 0, 0),
(1108, 9, 10, 3, 20, 20, 0, 0, 0, 0),
(1109, 9, 10, 2, 10, 10, 0, 0, 0, 0),
(1110, 9, 10, 1, 0, 0, 0, 0, 0, 0),
(1111, 9, 11, 6, 0, 0, 0, 0, 0, 0),
(1112, 9, 11, 5, 0, 0, 0, 0, 0, 0),
(1113, 9, 11, 4, 0, 0, 0, 0, 0, 0),
(1114, 9, 11, 3, 0, 0, 0, 0, 0, 0),
(1115, 9, 11, 2, 10, 10, 0, 0, 0, 0),
(1116, 9, 11, 1, 0, 0, 0, 0, 0, 0),
(1117, 9, 12, 6, 10, 10, 0, 0, 0, 0),
(1118, 9, 12, 5, 0, 0, 0, 0, 0, 0),
(1119, 9, 12, 4, 10, 10, 0, 0, 0, 0),
(1120, 9, 12, 3, 0, 0, 0, 0, 0, 0),
(1121, 9, 12, 2, 10, 10, 0, 0, 0, 0),
(1122, 9, 12, 1, 0, 0, 0, 0, 0, 0),
(1123, 9, 13, 6, 0, 0, 0, 0, 0, 0),
(1124, 9, 13, 5, 0, 0, 0, 0, 0, 0),
(1125, 9, 13, 4, 0, 0, 0, 0, 0, 0),
(1126, 9, 13, 3, 0, 0, 0, 0, 0, 0),
(1127, 9, 13, 2, 10, 10, 0, 0, 0, 0),
(1128, 9, 13, 1, 0, 0, 0, 0, 0, 0),
(1129, 9, 14, 6, 0, 0, 0, 0, 0, 0),
(1130, 9, 14, 5, 0, 0, 0, 0, 0, 0),
(1131, 9, 14, 4, 0, 0, 0, 0, 0, 0),
(1132, 9, 14, 3, 0, 0, 0, 0, 0, 0),
(1133, 9, 14, 2, 10, 10, 0, 0, 0, 0),
(1134, 9, 14, 1, 0, 0, 0, 0, 0, 0),
(1135, 9, 16, 1, 5, 5, 0, 0, 0, 0),
(1136, 9, 16, 2, 10, 10, 0, 0, 0, 0),
(1137, 9, 16, 3, 20, 20, 0, 0, 0, 0),
(1138, 9, 16, 4, 0, 0, 0, 0, 0, 0),
(1139, 9, 16, 5, 0, 0, 0, 0, 0, 0),
(1140, 9, 16, 6, 0, 0, 0, 0, 0, 0),
(1231, 10, 1, 1, 19, 19, 0, 0, 0, 0),
(1232, 10, 1, 2, 8, 7, 0, 0, 0, 1),
(1233, 10, 1, 3, 3, 3, 0, 0, 0, 0),
(1234, 10, 1, 4, 20, 19, 0, 0, 0, 0),
(1235, 10, 1, 5, 20, 19, 0, 0, 0, 0),
(1236, 10, 1, 6, 10, 9, 0, 0, 0, 0),
(1237, 10, 2, 6, 10, 10, 0, 0, 0, 0),
(1238, 10, 2, 5, 20, 20, 0, 0, 0, 0),
(1239, 10, 2, 4, 10, 10, 0, 0, 0, 0),
(1240, 10, 2, 3, 20, 19, 0, 0, 0, 0),
(1241, 10, 2, 2, 10, 10, 0, 0, 0, 0),
(1242, 10, 2, 1, 0, 0, 0, 0, 0, 0),
(1243, 10, 3, 6, 10, 10, 0, 0, 0, 0),
(1244, 10, 3, 5, 20, 20, 0, 0, 0, 0),
(1245, 10, 3, 4, 10, 10, 0, 0, 0, 0),
(1246, 10, 3, 3, 10, 10, 0, 0, 0, 0),
(1247, 10, 3, 2, 10, 10, 0, 0, 0, 0),
(1248, 10, 3, 1, 0, 0, 0, 0, 0, 0),
(1249, 10, 4, 6, 10, 10, 0, 0, 0, 0),
(1250, 10, 4, 5, 10, 10, 0, 0, 0, 0),
(1251, 10, 4, 4, 20, 20, 0, 0, 0, 0),
(1252, 10, 4, 3, 4, 4, 0, 0, 0, 0),
(1253, 10, 4, 2, 11, 11, 0, 0, 0, 0),
(1254, 10, 4, 1, 5, 5, 0, 0, 0, 0),
(1255, 10, 5, 6, 10, 10, 0, 0, 0, 0),
(1256, 10, 5, 5, 10, 10, 0, 0, 0, 0),
(1257, 10, 5, 4, 0, 0, 0, 0, 0, 0),
(1258, 10, 5, 3, 5, 5, 0, 0, 0, 0),
(1259, 10, 5, 2, 10, 10, 0, 0, 0, 0),
(1260, 10, 5, 1, 5, 5, 0, 0, 0, 0),
(1261, 10, 6, 6, 10, 10, 0, 0, 0, 0),
(1262, 10, 6, 5, 20, 20, 0, 0, 0, 0),
(1263, 10, 6, 4, 10, 10, 0, 0, 0, 0),
(1264, 10, 6, 3, 5, 5, 0, 0, 0, 0),
(1265, 10, 6, 2, 10, 10, 0, 0, 0, 0),
(1266, 10, 6, 1, 5, 5, 0, 0, 0, 0),
(1267, 10, 7, 6, 0, 0, 0, 0, 0, 0),
(1268, 10, 7, 5, 0, 0, 0, 0, 0, 0),
(1269, 10, 7, 4, 0, 0, 0, 0, 0, 0),
(1270, 10, 7, 3, 0, 0, 0, 0, 0, 0),
(1271, 10, 7, 2, 10, 9, 0, 0, 0, 1),
(1272, 10, 7, 1, 0, 0, 0, 0, 0, 0),
(1273, 10, 8, 6, 10, 10, 0, 0, 0, 0),
(1274, 10, 8, 5, 10, 10, 0, 0, 0, 0),
(1275, 10, 8, 4, 10, 10, 0, 0, 0, 0),
(1276, 10, 8, 3, 10, 10, 0, 0, 0, 0),
(1277, 10, 8, 2, 10, 1, 0, 0, 0, 9),
(1278, 10, 8, 1, 0, 0, 0, 0, 0, 0),
(1279, 10, 9, 6, 9, 9, 0, 0, 0, 0),
(1280, 10, 9, 5, 10, 10, 0, 0, 0, 0),
(1281, 10, 9, 4, 10, 10, 0, 0, 0, 0),
(1282, 10, 9, 3, 5, 5, 0, 0, 0, 0),
(1283, 10, 9, 2, 11, 11, 0, 0, 0, 0),
(1284, 10, 9, 1, 5, 5, 0, 0, 0, 0),
(1285, 10, 10, 6, 10, 10, 0, 0, 0, 0),
(1286, 10, 10, 5, 20, 20, 0, 0, 0, 0),
(1287, 10, 10, 4, 10, 10, 0, 0, 0, 0),
(1288, 10, 10, 3, 20, 20, 0, 0, 0, 0),
(1289, 10, 10, 2, 10, 10, 0, 0, 0, 0),
(1290, 10, 10, 1, 0, 0, 0, 0, 0, 0),
(1291, 10, 11, 6, 0, 0, 0, 0, 0, 0),
(1292, 10, 11, 5, 0, 0, 0, 0, 0, 0),
(1293, 10, 11, 4, 0, 0, 0, 0, 0, 0),
(1294, 10, 11, 3, 0, 0, 0, 0, 0, 0),
(1295, 10, 11, 2, 10, 10, 0, 0, 0, 0),
(1296, 10, 11, 1, 0, 0, 0, 0, 0, 0),
(1297, 10, 12, 1, 0, 0, 0, 0, 0, 0),
(1298, 10, 12, 2, 10, 10, 0, 0, 0, 0),
(1299, 10, 12, 3, 0, 0, 0, 0, 0, 0),
(1300, 10, 12, 4, 10, 10, 0, 0, 0, 0),
(1301, 10, 12, 5, 0, 0, 0, 0, 0, 0),
(1302, 10, 12, 6, 10, 10, 0, 0, 0, 0),
(1303, 11, 1, 1, 62, 62, 0, 0, 0, 0),
(1304, 11, 1, 2, 7, 7, 0, 0, 0, 0),
(1305, 11, 1, 3, 0, 0, 0, 0, 0, 0),
(1306, 11, 1, 4, 0, 0, 0, 0, 0, 0),
(1307, 11, 1, 5, 0, 0, 0, 0, 0, 0),
(1308, 11, 1, 6, 10, 10, 0, 0, 0, 0),
(1309, 11, 2, 1, 50, 50, 0, 0, 0, 0),
(1310, 11, 2, 2, 5, 5, 0, 0, 0, 0),
(1311, 11, 2, 3, 0, 0, 0, 0, 0, 0),
(1312, 11, 2, 4, 0, 0, 0, 0, 0, 0),
(1313, 11, 2, 5, 0, 0, 0, 0, 0, 0),
(1314, 11, 2, 6, 15, 15, 0, 0, 0, 0),
(1315, 11, 3, 1, 45, 45, 0, 0, 0, 0),
(1316, 11, 3, 2, 5, 5, 0, 0, 0, 0),
(1317, 11, 3, 3, 0, 0, 0, 0, 0, 0),
(1318, 11, 3, 4, 0, 0, 0, 0, 0, 0),
(1319, 11, 3, 5, 0, 0, 0, 0, 0, 0),
(1320, 11, 3, 6, 10, 10, 0, 0, 0, 0),
(1321, 11, 4, 1, 44, 44, 0, 0, 0, 0),
(1322, 11, 4, 2, 1, 1, 0, 0, 0, 0),
(1323, 11, 4, 3, 0, 0, 0, 0, 0, 0),
(1324, 11, 4, 4, 0, 0, 0, 0, 0, 0),
(1325, 11, 4, 5, 0, 0, 0, 0, 0, 0),
(1326, 11, 4, 6, 15, 15, 0, 0, 0, 0),
(1327, 11, 5, 1, 25, 25, 0, 0, 0, 0),
(1328, 11, 5, 2, 2, 2, 0, 0, 0, 0),
(1329, 11, 5, 3, 0, 0, 0, 0, 0, 0),
(1330, 11, 5, 4, 0, 0, 0, 0, 0, 0),
(1331, 11, 5, 5, 0, 0, 0, 0, 0, 0),
(1332, 11, 5, 6, 13, 13, 0, 0, 0, 0),
(1333, 11, 6, 1, 40, 40, 0, 0, 0, 0),
(1334, 11, 6, 2, 7, 7, 0, 0, 0, 0),
(1335, 11, 6, 3, 0, 0, 0, 0, 0, 0),
(1336, 11, 6, 4, 0, 0, 0, 0, 0, 0),
(1337, 11, 6, 5, 0, 0, 0, 0, 0, 0),
(1338, 11, 6, 6, 13, 13, 0, 0, 0, 0),
(1339, 11, 7, 1, 0, 0, 0, 0, 0, 0),
(1340, 11, 7, 2, 7, 7, 0, 0, 0, 0),
(1341, 11, 7, 3, 0, 0, 0, 0, 0, 0),
(1342, 11, 7, 4, 0, 0, 0, 0, 0, 0),
(1343, 11, 7, 5, 0, 0, 0, 0, 0, 0),
(1344, 11, 7, 6, 3, 3, 0, 0, 0, 0),
(1345, 11, 8, 1, 30, 30, 0, 0, 0, 0),
(1346, 11, 8, 2, 10, 10, 0, 0, 0, 0),
(1347, 11, 8, 3, 0, 0, 0, 0, 0, 0),
(1348, 11, 8, 4, 0, 0, 0, 0, 0, 0),
(1349, 11, 8, 5, 0, 0, 0, 0, 0, 0),
(1350, 11, 8, 6, 10, 10, 0, 0, 0, 0),
(1351, 11, 9, 1, 30, 30, 0, 0, 0, 0),
(1352, 11, 9, 2, 11, 11, 0, 0, 0, 0),
(1353, 11, 9, 3, 0, 0, 0, 0, 0, 0),
(1354, 11, 9, 4, 0, 0, 0, 0, 0, 0),
(1355, 11, 9, 5, 0, 0, 0, 0, 0, 0),
(1356, 11, 9, 6, 9, 9, 0, 0, 0, 0),
(1357, 11, 10, 1, 55, 55, 0, 0, 0, 0),
(1358, 11, 10, 2, 5, 5, 0, 0, 0, 0),
(1359, 11, 10, 3, 0, 0, 0, 0, 0, 0),
(1360, 11, 10, 4, 0, 0, 0, 0, 0, 0),
(1361, 11, 10, 5, 0, 0, 0, 0, 0, 0),
(1362, 11, 10, 6, 10, 10, 0, 0, 0, 0),
(1363, 11, 11, 1, 5, 5, 0, 0, 0, 0),
(1364, 11, 11, 2, 5, 5, 0, 0, 0, 0),
(1365, 11, 11, 3, 0, 0, 0, 0, 0, 0),
(1366, 11, 11, 4, 0, 0, 0, 0, 0, 0),
(1367, 11, 11, 5, 0, 0, 0, 0, 0, 0),
(1368, 11, 11, 6, 0, 0, 0, 0, 0, 0),
(1369, 11, 12, 1, 10, 10, 0, 0, 0, 0),
(1370, 11, 12, 2, 10, 10, 0, 0, 0, 0),
(1371, 11, 12, 3, 0, 0, 0, 0, 0, 0),
(1372, 11, 12, 4, 0, 0, 0, 0, 0, 0),
(1373, 11, 12, 5, 0, 0, 0, 0, 0, 0),
(1374, 11, 12, 6, 10, 10, 0, 0, 0, 0),
(1375, 12, 1, 1, 62, 62, 0, 0, 0, 0),
(1376, 12, 1, 2, 7, 7, 0, 0, 0, 0),
(1377, 12, 1, 3, 0, 0, 0, 0, 0, 0),
(1378, 12, 1, 4, 0, 0, 0, 0, 0, 0),
(1379, 12, 1, 5, 0, 0, 0, 0, 0, 0),
(1380, 12, 1, 6, 10, 10, 0, 0, 0, 0),
(1381, 12, 2, 1, 50, 50, 0, 0, 0, 0),
(1382, 12, 2, 2, 5, 5, 0, 0, 0, 0),
(1383, 12, 2, 3, 0, 0, 0, 0, 0, 0),
(1384, 12, 2, 4, 0, 0, 0, 0, 0, 0),
(1385, 12, 2, 5, 0, 0, 0, 0, 0, 0),
(1386, 12, 2, 6, 15, 15, 0, 0, 0, 0),
(1387, 12, 3, 1, 45, 45, 0, 0, 0, 0),
(1388, 12, 3, 2, 5, 5, 0, 0, 0, 0),
(1389, 12, 3, 3, 0, 0, 0, 0, 0, 0),
(1390, 12, 3, 4, 0, 0, 0, 0, 0, 0),
(1391, 12, 3, 5, 0, 0, 0, 0, 0, 0),
(1392, 12, 3, 6, 10, 10, 0, 0, 0, 0),
(1393, 12, 4, 1, 44, 44, 0, 0, 0, 0),
(1394, 12, 4, 2, 1, 1, 0, 0, 0, 0),
(1395, 12, 4, 3, 0, 0, 0, 0, 0, 0),
(1396, 12, 4, 4, 0, 0, 0, 0, 0, 0),
(1397, 12, 4, 5, 0, 0, 0, 0, 0, 0),
(1398, 12, 4, 6, 15, 15, 0, 0, 0, 0),
(1399, 12, 5, 1, 25, 25, 0, 0, 0, 0),
(1400, 12, 5, 2, 2, 2, 0, 0, 0, 0),
(1401, 12, 5, 3, 0, 0, 0, 0, 0, 0),
(1402, 12, 5, 4, 0, 0, 0, 0, 0, 0),
(1403, 12, 5, 5, 0, 0, 0, 0, 0, 0),
(1404, 12, 5, 6, 13, 13, 0, 0, 0, 0),
(1405, 12, 6, 1, 40, 40, 0, 0, 0, 0),
(1406, 12, 6, 2, 7, 7, 0, 0, 0, 0),
(1407, 12, 6, 3, 0, 0, 0, 0, 0, 0),
(1408, 12, 6, 4, 0, 0, 0, 0, 0, 0),
(1409, 12, 6, 5, 0, 0, 0, 0, 0, 0),
(1410, 12, 6, 6, 13, 13, 0, 0, 0, 0),
(1411, 12, 7, 1, 0, 0, 0, 0, 0, 0),
(1412, 12, 7, 2, 7, 7, 0, 0, 0, 0),
(1413, 12, 7, 3, 0, 0, 0, 0, 0, 0),
(1414, 12, 7, 4, 0, 0, 0, 0, 0, 0),
(1415, 12, 7, 5, 0, 0, 0, 0, 0, 0),
(1416, 12, 7, 6, 3, 3, 0, 0, 0, 0),
(1417, 12, 8, 1, 30, 30, 0, 0, 0, 0),
(1418, 12, 8, 2, 10, 10, 0, 0, 0, 0),
(1419, 12, 8, 3, 0, 0, 0, 0, 0, 0),
(1420, 12, 8, 4, 0, 0, 0, 0, 0, 0),
(1421, 12, 8, 5, 0, 0, 0, 0, 0, 0),
(1422, 12, 8, 6, 10, 10, 0, 0, 0, 0),
(1423, 12, 9, 1, 30, 30, 0, 0, 0, 0),
(1424, 12, 9, 2, 11, 11, 0, 0, 0, 0),
(1425, 12, 9, 3, 0, 0, 0, 0, 0, 0),
(1426, 12, 9, 4, 0, 0, 0, 0, 0, 0),
(1427, 12, 9, 5, 0, 0, 0, 0, 0, 0),
(1428, 12, 9, 6, 9, 9, 0, 0, 0, 0),
(1429, 12, 10, 1, 55, 55, 0, 0, 0, 0),
(1430, 12, 10, 2, 5, 5, 0, 0, 0, 0),
(1431, 12, 10, 3, 0, 0, 0, 0, 0, 0),
(1432, 12, 10, 4, 0, 0, 0, 0, 0, 0),
(1433, 12, 10, 5, 0, 0, 0, 0, 0, 0),
(1434, 12, 10, 6, 10, 10, 0, 0, 0, 0),
(1435, 12, 11, 1, 5, 5, 0, 0, 0, 0),
(1436, 12, 11, 2, 5, 5, 0, 0, 0, 0),
(1437, 12, 11, 3, 0, 0, 0, 0, 0, 0),
(1438, 12, 11, 4, 0, 0, 0, 0, 0, 0),
(1439, 12, 11, 5, 0, 0, 0, 0, 0, 0),
(1440, 12, 11, 6, 0, 0, 0, 0, 0, 0),
(1441, 12, 12, 1, 10, 10, 0, 0, 0, 0),
(1442, 12, 12, 2, 10, 10, 0, 0, 0, 0),
(1443, 12, 12, 3, 0, 0, 0, 0, 0, 0),
(1444, 12, 12, 4, 0, 0, 0, 0, 0, 0),
(1445, 12, 12, 5, 0, 0, 0, 0, 0, 0),
(1446, 12, 12, 6, 10, 10, 0, 0, 0, 0),
(2332, 13, 1, 1, 60, 60, 0, 0, 0, 0),
(2333, 13, 1, 2, 20, 20, 0, 0, 0, 0),
(2334, 13, 1, 3, 20, 20, 0, 0, 0, 0),
(2335, 13, 1, 4, 0, 0, 0, 0, 0, 0),
(2336, 13, 1, 5, 0, 0, 0, 0, 0, 0),
(2337, 13, 2, 5, 0, 0, 0, 0, 0, 0),
(2338, 13, 2, 4, 0, 0, 0, 0, 0, 0),
(2339, 13, 2, 3, 20, 20, 0, 0, 0, 0),
(2340, 13, 2, 2, 20, 20, 0, 0, 0, 0),
(2341, 13, 2, 1, 60, 60, 0, 0, 0, 0),
(2342, 13, 3, 1, 60, 60, 0, 0, 0, 0),
(2343, 13, 3, 2, 20, 20, 0, 0, 0, 0),
(2344, 13, 3, 3, 20, 20, 0, 0, 0, 0),
(2345, 13, 3, 4, 0, 0, 0, 0, 0, 0),
(2346, 13, 3, 5, 0, 0, 0, 0, 0, 0),
(2347, 13, 4, 5, 0, 0, 0, 0, 0, 0),
(2348, 13, 4, 4, 0, 0, 0, 0, 0, 0),
(2349, 13, 4, 3, 20, 20, 0, 0, 0, 0),
(2350, 13, 4, 2, 20, 20, 0, 0, 0, 0),
(2351, 13, 4, 1, 60, 60, 0, 0, 0, 0),
(2352, 13, 5, 1, 60, 60, 0, 0, 0, 0),
(2353, 13, 5, 2, 20, 20, 0, 0, 0, 0),
(2354, 13, 5, 3, 20, 20, 0, 0, 0, 0),
(2355, 13, 5, 4, 0, 0, 0, 0, 0, 0),
(2356, 13, 5, 5, 0, 0, 0, 0, 0, 0),
(2357, 13, 6, 5, 0, 0, 0, 0, 0, 0),
(2358, 13, 6, 4, 0, 0, 0, 0, 0, 0),
(2359, 13, 6, 3, 0, 0, 0, 0, 0, 0),
(2360, 13, 6, 2, 0, 0, 0, 0, 0, 0),
(2361, 13, 6, 1, 100, 100, 0, 0, 0, 0),
(2362, 13, 7, 1, 100, 100, 0, 0, 0, 0),
(2363, 13, 7, 2, 0, 0, 0, 0, 0, 0),
(2364, 13, 7, 3, 0, 0, 0, 0, 0, 0),
(2365, 13, 7, 4, 0, 0, 0, 0, 0, 0),
(2366, 13, 7, 5, 0, 0, 0, 0, 0, 0),
(2367, 13, 8, 5, 0, 0, 0, 0, 0, 0),
(2368, 13, 8, 4, 0, 0, 0, 0, 0, 0),
(2369, 13, 8, 3, 0, 0, 0, 0, 0, 0),
(2370, 13, 8, 2, 0, 0, 0, 0, 0, 0),
(2371, 13, 8, 1, 50, 50, 0, 0, 0, 0),
(2372, 13, 9, 1, 100, 100, 0, 0, 0, 0),
(2373, 13, 9, 2, 0, 0, 0, 0, 0, 0),
(2374, 13, 9, 3, 0, 0, 0, 0, 0, 0),
(2375, 13, 9, 4, 0, 0, 0, 0, 0, 0),
(2376, 13, 9, 5, 0, 0, 0, 0, 0, 0),
(2377, 13, 10, 5, 0, 0, 0, 0, 0, 0),
(2378, 13, 10, 4, 0, 0, 0, 0, 0, 0),
(2379, 13, 10, 3, 0, 0, 0, 0, 0, 0),
(2380, 13, 10, 2, 0, 0, 0, 0, 0, 0),
(2381, 13, 10, 1, 50, 50, 0, 0, 0, 0),
(2382, 13, 11, 1, 50, 50, 0, 0, 0, 0),
(2383, 13, 11, 2, 0, 0, 0, 0, 0, 0),
(2384, 13, 11, 3, 0, 0, 0, 0, 0, 0),
(2385, 13, 11, 4, 0, 0, 0, 0, 0, 0),
(2386, 13, 11, 5, 0, 0, 0, 0, 0, 0),
(2387, 13, 12, 5, 0, 0, 0, 0, 0, 0),
(2388, 13, 12, 4, 0, 0, 0, 0, 0, 0),
(2389, 13, 12, 3, 0, 0, 0, 0, 0, 0),
(2390, 13, 12, 2, 0, 0, 0, 0, 0, 0),
(2391, 13, 12, 1, 50, 50, 0, 0, 0, 0),
(2392, 13, 13, 1, 50, 50, 0, 0, 0, 0),
(2393, 13, 13, 2, 0, 0, 0, 0, 0, 0),
(2394, 13, 13, 3, 0, 0, 0, 0, 0, 0),
(2395, 13, 13, 4, 0, 0, 0, 0, 0, 0),
(2396, 13, 13, 5, 0, 0, 0, 0, 0, 0),
(2397, 13, 14, 5, 0, 0, 0, 0, 0, 0),
(2398, 13, 14, 4, 0, 0, 0, 0, 0, 0),
(2399, 13, 14, 3, 0, 0, 0, 0, 0, 0),
(2400, 13, 14, 2, 0, 0, 0, 0, 0, 0),
(2401, 13, 14, 1, 50, 50, 0, 0, 0, 0),
(2402, 13, 15, 1, 50, 50, 0, 0, 0, 0),
(2403, 13, 15, 2, 0, 0, 0, 0, 0, 0),
(2404, 13, 15, 3, 0, 0, 0, 0, 0, 0),
(2405, 13, 15, 4, 0, 0, 0, 0, 0, 0),
(2406, 13, 15, 5, 0, 0, 0, 0, 0, 0),
(2832, 14, 1, 1, 45, 40, 0, 5, 0, 0),
(2833, 14, 1, 2, 20, 17, 0, 0, 0, 3),
(2834, 14, 1, 3, 25, 25, 0, 0, 0, 0),
(2835, 14, 1, 4, 10, 10, 0, 0, 0, 0),
(2836, 14, 1, 5, 0, 0, 0, 0, 0, 0),
(2837, 14, 2, 5, 0, 0, 0, 0, 0, 0),
(2838, 14, 2, 4, 10, 10, 0, 0, 0, 0),
(2839, 14, 2, 3, 20, 20, 0, 0, 0, 0),
(2840, 14, 2, 2, 20, 20, 0, 0, 0, 0),
(2841, 14, 2, 1, 50, 50, 0, 0, 0, 0),
(2842, 14, 3, 5, 0, 0, 0, 0, 0, 0),
(2843, 14, 3, 4, 10, 10, 0, 0, 0, 0),
(2844, 14, 3, 3, 20, 20, 0, 0, 0, 0),
(2845, 14, 3, 2, 20, 15, 0, 0, 0, 5),
(2846, 14, 3, 1, 50, 50, 0, 0, 0, 0),
(2847, 14, 4, 1, 50, 50, 0, 0, 0, 0),
(2848, 14, 4, 2, 20, 20, 0, 0, 0, 0),
(2849, 14, 4, 3, 20, 20, 0, 0, 0, 0),
(2850, 14, 4, 4, 10, 10, 0, 0, 0, 0),
(2851, 14, 4, 5, 0, 0, 0, 0, 0, 0),
(2852, 14, 5, 5, 0, 0, 0, 0, 0, 0),
(2853, 14, 5, 4, 10, 10, 0, 0, 0, 0),
(2854, 14, 5, 3, 20, 20, 0, 0, 0, 0),
(2855, 14, 5, 2, 20, 20, 0, 0, 0, 0),
(2856, 14, 5, 1, 50, 50, 0, 0, 0, 0),
(2857, 14, 6, 1, 90, 90, 0, 0, 0, 0),
(2858, 14, 6, 2, 0, 0, 0, 0, 0, 0),
(2859, 14, 6, 3, 0, 0, 0, 0, 0, 0),
(2860, 14, 6, 4, 10, 10, 0, 0, 0, 0),
(2861, 14, 6, 5, 0, 0, 0, 0, 0, 0),
(2862, 14, 7, 5, 0, 0, 0, 0, 0, 0),
(2863, 14, 7, 4, 10, 10, 0, 0, 0, 0),
(2864, 14, 7, 3, 0, 0, 0, 0, 0, 0),
(2865, 14, 7, 2, 0, 0, 0, 0, 0, 0),
(2866, 14, 7, 1, 90, 90, 0, 0, 0, 0),
(2867, 14, 8, 1, 40, 40, 0, 0, 0, 0),
(2868, 14, 8, 2, 0, 0, 0, 0, 0, 0),
(2869, 14, 8, 3, 0, 0, 0, 0, 0, 0),
(2870, 14, 8, 4, 10, 10, 0, 0, 0, 0),
(2871, 14, 8, 5, 0, 0, 0, 0, 0, 0),
(2872, 14, 9, 5, 0, 0, 0, 0, 0, 0),
(2873, 14, 9, 4, 10, 10, 0, 0, 0, 0),
(2874, 14, 9, 3, 0, 0, 0, 0, 0, 0),
(2875, 14, 9, 2, 0, 0, 0, 0, 0, 0),
(2876, 14, 9, 1, 90, 90, 0, 0, 0, 0),
(2877, 14, 10, 1, 40, 40, 0, 0, 0, 0),
(2878, 14, 10, 2, 0, 0, 0, 0, 0, 0),
(2879, 14, 10, 3, 0, 0, 0, 0, 0, 0),
(2880, 14, 10, 4, 10, 10, 0, 0, 0, 0),
(2881, 14, 10, 5, 0, 0, 0, 0, 0, 0),
(2882, 14, 11, 5, 0, 0, 0, 0, 0, 0),
(2883, 14, 11, 4, 0, 0, 0, 0, 0, 0),
(2884, 14, 11, 3, 0, 0, 0, 0, 0, 0),
(2885, 14, 11, 2, 0, 0, 0, 0, 0, 0),
(2886, 14, 11, 1, 50, 50, 0, 0, 0, 0),
(2887, 14, 12, 1, 50, 50, 0, 0, 0, 0),
(2888, 14, 12, 2, 0, 0, 0, 0, 0, 0),
(2889, 14, 12, 3, 0, 0, 0, 0, 0, 0),
(2890, 14, 12, 4, 0, 0, 0, 0, 0, 0),
(2891, 14, 12, 5, 0, 0, 0, 0, 0, 0),
(2892, 14, 13, 5, 0, 0, 0, 0, 0, 0),
(2893, 14, 13, 4, 0, 0, 0, 0, 0, 0),
(2894, 14, 13, 3, 0, 0, 0, 0, 0, 0),
(2895, 14, 13, 2, 0, 0, 0, 0, 0, 0),
(2896, 14, 13, 1, 50, 50, 0, 0, 0, 0),
(2897, 14, 14, 1, 50, 50, 0, 0, 0, 0),
(2898, 14, 14, 2, 0, 0, 0, 0, 0, 0),
(2899, 14, 14, 3, 0, 0, 0, 0, 0, 0),
(2900, 14, 14, 4, 0, 0, 0, 0, 0, 0),
(2901, 14, 14, 5, 0, 0, 0, 0, 0, 0),
(2902, 14, 15, 5, 0, 0, 0, 0, 0, 0),
(2903, 14, 15, 4, 0, 0, 0, 0, 0, 0),
(2904, 14, 15, 3, 0, 0, 0, 0, 0, 0),
(2905, 14, 15, 2, 0, 0, 0, 0, 0, 0),
(2906, 14, 15, 1, 50, 50, 0, 0, 0, 0),
(2907, 14, 16, 5, 0, 0, 0, 0, 0, 0),
(2908, 14, 16, 4, 0, 0, 0, 0, 0, 0),
(2909, 14, 16, 3, 4, 4, 0, 0, 0, 0),
(2910, 14, 16, 2, 0, 0, 0, 0, 0, 0),
(2911, 14, 16, 1, 8, 8, 0, 0, 0, 0),
(2912, 14, 17, 1, 0, 0, 0, 0, 0, 0),
(2913, 14, 17, 2, 10, 10, 0, 0, 0, 0),
(2914, 14, 17, 3, 0, 0, 0, 0, 0, 0),
(2915, 14, 17, 4, 0, 0, 0, 0, 0, 0),
(2916, 14, 17, 5, 0, 0, 0, 0, 0, 0),
(3549, 15, 1, 1, 45, 45, 0, 0, 0, 0),
(3550, 15, 1, 18, 0, 0, 0, 0, 0, 0),
(3551, 15, 1, 5, 0, 0, 0, 0, 0, 0),
(3552, 15, 1, 4, 10, 10, 0, 0, 0, 0),
(3553, 15, 1, 3, 25, 25, 0, 0, 0, 0),
(3554, 15, 1, 2, 20, 20, 0, 0, 0, 0),
(3555, 15, 2, 18, 0, 0, 0, 0, 0, 0),
(3556, 15, 2, 5, 0, 0, 0, 0, 0, 0),
(3557, 15, 2, 4, 10, 10, 0, 0, 0, 0),
(3558, 15, 2, 3, 20, 20, 0, 0, 0, 0),
(3559, 15, 2, 1, 50, 50, 0, 0, 0, 0),
(3560, 15, 2, 2, 20, 20, 0, 0, 0, 0),
(3561, 15, 3, 18, 0, 0, 0, 0, 0, 0),
(3562, 15, 3, 5, 0, 0, 0, 0, 0, 0),
(3563, 15, 3, 4, 10, 10, 0, 0, 0, 0),
(3564, 15, 3, 3, 20, 20, 0, 0, 0, 0),
(3565, 15, 3, 1, 50, 50, 0, 0, 0, 0),
(3566, 15, 3, 2, 20, 20, 0, 0, 0, 0),
(3567, 15, 4, 18, 0, 0, 0, 0, 0, 0),
(3568, 15, 4, 5, 0, 0, 0, 0, 0, 0),
(3569, 15, 4, 4, 10, 10, 0, 0, 0, 0),
(3570, 15, 4, 3, 20, 20, 0, 0, 0, 0),
(3571, 15, 4, 2, 20, 20, 0, 0, 0, 0),
(3572, 15, 4, 1, 50, 50, 0, 0, 0, 0),
(3573, 15, 5, 18, 0, 0, 0, 0, 0, 0),
(3574, 15, 5, 5, 0, 0, 0, 0, 0, 0),
(3575, 15, 5, 4, 10, 10, 0, 0, 0, 0),
(3576, 15, 5, 3, 20, 20, 0, 0, 0, 0),
(3577, 15, 5, 2, 20, 20, 0, 0, 0, 0),
(3578, 15, 5, 1, 50, 50, 0, 0, 0, 0),
(3579, 15, 6, 5, 0, 0, 0, 0, 0, 0),
(3580, 15, 6, 4, 10, 10, 0, 0, 0, 0),
(3581, 15, 6, 3, 0, 0, 0, 0, 0, 0),
(3582, 15, 6, 2, 0, 0, 0, 0, 0, 0),
(3583, 15, 6, 1, 90, 90, 0, 0, 0, 0),
(3584, 15, 6, 18, 0, 0, 0, 0, 0, 0),
(3585, 15, 7, 18, 0, 0, 0, 0, 0, 0),
(3586, 15, 7, 1, 90, 90, 0, 0, 0, 0),
(3587, 15, 7, 5, 0, 0, 0, 0, 0, 0),
(3588, 15, 7, 4, 10, 10, 0, 0, 0, 0),
(3589, 15, 7, 3, 0, 0, 0, 0, 0, 0),
(3590, 15, 7, 2, 0, 0, 0, 0, 0, 0),
(3591, 15, 8, 1, 40, 40, 0, 0, 0, 0),
(3592, 15, 8, 2, 0, 0, 0, 0, 0, 0),
(3593, 15, 8, 3, 0, 0, 0, 0, 0, 0),
(3594, 15, 8, 5, 0, 0, 0, 0, 0, 0),
(3595, 15, 8, 4, 10, 10, 0, 0, 0, 0),
(3596, 15, 8, 18, 0, 0, 0, 0, 0, 0),
(3597, 15, 9, 5, 0, 0, 0, 0, 0, 0),
(3598, 15, 9, 4, 10, 10, 0, 0, 0, 0),
(3599, 15, 9, 3, 0, 0, 0, 0, 0, 0),
(3600, 15, 9, 2, 0, 0, 0, 0, 0, 0),
(3601, 15, 9, 1, 90, 90, 0, 0, 0, 0),
(3602, 15, 9, 18, 0, 0, 0, 0, 0, 0),
(3603, 15, 10, 18, 0, 0, 0, 0, 0, 0),
(3604, 15, 10, 5, 0, 0, 0, 0, 0, 0),
(3605, 15, 10, 4, 10, 10, 0, 0, 0, 0),
(3606, 15, 10, 3, 0, 0, 0, 0, 0, 0),
(3607, 15, 10, 1, 40, 40, 0, 0, 0, 0),
(3608, 15, 10, 2, 0, 0, 0, 0, 0, 0),
(3609, 15, 11, 18, 0, 0, 0, 0, 0, 0),
(3610, 15, 11, 3, 0, 0, 0, 0, 0, 0),
(3611, 15, 11, 4, 0, 0, 0, 0, 0, 0),
(3612, 15, 11, 2, 0, 0, 0, 0, 0, 0),
(3613, 15, 11, 1, 50, 50, 0, 0, 0, 0),
(3614, 15, 11, 5, 0, 0, 0, 0, 0, 0),
(3615, 15, 12, 2, 0, 0, 0, 0, 0, 0),
(3616, 15, 12, 4, 0, 0, 0, 0, 0, 0),
(3617, 15, 12, 5, 0, 0, 0, 0, 0, 0),
(3618, 15, 12, 3, 0, 0, 0, 0, 0, 0),
(3619, 15, 12, 1, 50, 50, 0, 0, 0, 0),
(3620, 15, 12, 18, 0, 0, 0, 0, 0, 0),
(3621, 15, 13, 1, 50, 50, 0, 0, 0, 0),
(3622, 15, 13, 2, 0, 0, 0, 0, 0, 0),
(3623, 15, 13, 18, 0, 0, 0, 0, 0, 0),
(3624, 15, 13, 5, 0, 0, 0, 0, 0, 0),
(3625, 15, 13, 4, 0, 0, 0, 0, 0, 0),
(3626, 15, 13, 3, 0, 0, 0, 0, 0, 0),
(3627, 15, 14, 18, 0, 0, 0, 0, 0, 0),
(3628, 15, 14, 2, 0, 0, 0, 0, 0, 0),
(3629, 15, 14, 3, 0, 0, 0, 0, 0, 0),
(3630, 15, 14, 4, 0, 0, 0, 0, 0, 0),
(3631, 15, 14, 5, 0, 0, 0, 0, 0, 0),
(3632, 15, 14, 1, 50, 50, 0, 0, 0, 0),
(3633, 15, 15, 1, 50, 50, 0, 0, 0, 0),
(3634, 15, 15, 2, 0, 0, 0, 0, 0, 0),
(3635, 15, 15, 4, 0, 0, 0, 0, 0, 0),
(3636, 15, 15, 5, 0, 0, 0, 0, 0, 0),
(3637, 15, 15, 18, 0, 0, 0, 0, 0, 0),
(3638, 15, 15, 3, 0, 0, 0, 0, 0, 0),
(3639, 15, 16, 1, 8, 8, 0, 0, 0, 0),
(3640, 15, 16, 2, 0, 0, 0, 0, 0, 0),
(3641, 15, 16, 4, 0, 0, 0, 0, 0, 0),
(3642, 15, 16, 3, 4, 4, 0, 0, 0, 0),
(3643, 15, 16, 18, 0, 0, 0, 0, 0, 0),
(3644, 15, 16, 5, 0, 0, 0, 0, 0, 0),
(3645, 15, 17, 18, 0, 0, 0, 0, 0, 0),
(3646, 15, 17, 1, 0, 0, 0, 0, 0, 0),
(3647, 15, 17, 3, 0, 0, 0, 0, 0, 0),
(3648, 15, 17, 5, 0, 0, 0, 0, 0, 0),
(3649, 15, 17, 4, 0, 0, 0, 0, 0, 0),
(3650, 15, 17, 2, 10, 10, 0, 0, 0, 0),
(3651, 15, 18, 18, 0, 0, 0, 0, 0, 0),
(3652, 16, 1, 1, 45, 45, 0, 0, 0, 0),
(3653, 16, 1, 2, 20, 20, 0, 0, 0, 0),
(3654, 16, 1, 3, 25, 25, 0, 0, 0, 0),
(3655, 16, 1, 4, 10, 10, 0, 0, 0, 0),
(3656, 16, 1, 5, 0, 0, 0, 0, 0, 0),
(3657, 16, 2, 1, 50, 50, 0, 0, 0, 0),
(3658, 16, 2, 2, 20, 20, 0, 0, 0, 0),
(3659, 16, 2, 3, 20, 20, 0, 0, 0, 0),
(3660, 16, 2, 4, 10, 10, 0, 0, 0, 0),
(3661, 16, 2, 5, 0, 0, 0, 0, 0, 0),
(3662, 16, 3, 1, 50, 50, 0, 0, 0, 0),
(3663, 16, 3, 2, 20, 20, 0, 0, 0, 0),
(3664, 16, 3, 3, 20, 20, 0, 0, 0, 0),
(3665, 16, 3, 4, 10, 10, 0, 0, 0, 0),
(3666, 16, 3, 5, 0, 0, 0, 0, 0, 0),
(3667, 16, 4, 1, 50, 50, 0, 0, 0, 0),
(3668, 16, 4, 2, 20, 20, 0, 0, 0, 0),
(3669, 16, 4, 3, 20, 20, 0, 0, 0, 0),
(3670, 16, 4, 4, 10, 10, 0, 0, 0, 0),
(3671, 16, 4, 5, 0, 0, 0, 0, 0, 0),
(3672, 16, 5, 1, 50, 50, 0, 0, 0, 0),
(3673, 16, 5, 2, 20, 20, 0, 0, 0, 0),
(3674, 16, 5, 3, 20, 20, 0, 0, 0, 0),
(3675, 16, 5, 4, 10, 10, 0, 0, 0, 0),
(3676, 16, 5, 5, 0, 0, 0, 0, 0, 0),
(3677, 16, 6, 1, 90, 90, 0, 0, 0, 0),
(3678, 16, 6, 2, 0, 0, 0, 0, 0, 0),
(3679, 16, 6, 3, 0, 0, 0, 0, 0, 0),
(3680, 16, 6, 4, 10, 10, 0, 0, 0, 0),
(3681, 16, 6, 5, 0, 0, 0, 0, 0, 0),
(3682, 16, 7, 1, 90, 90, 0, 0, 0, 0),
(3683, 16, 7, 2, 0, 0, 0, 0, 0, 0),
(3684, 16, 7, 3, 0, 0, 0, 0, 0, 0),
(3685, 16, 7, 4, 10, 10, 0, 0, 0, 0),
(3686, 16, 7, 5, 0, 0, 0, 0, 0, 0),
(3687, 16, 8, 1, 40, 40, 0, 0, 0, 0),
(3688, 16, 8, 2, 0, 0, 0, 0, 0, 0),
(3689, 16, 8, 3, 0, 0, 0, 0, 0, 0),
(3690, 16, 8, 4, 10, 10, 0, 0, 0, 0),
(3691, 16, 8, 5, 0, 0, 0, 0, 0, 0),
(3692, 16, 9, 1, 90, 90, 0, 0, 0, 0),
(3693, 16, 9, 2, 0, 0, 0, 0, 0, 0),
(3694, 16, 9, 3, 0, 0, 0, 0, 0, 0),
(3695, 16, 9, 4, 10, 10, 0, 0, 0, 0),
(3696, 16, 9, 5, 0, 0, 0, 0, 0, 0),
(3697, 16, 10, 1, 40, 40, 0, 0, 0, 0),
(3698, 16, 10, 2, 0, 0, 0, 0, 0, 0),
(3699, 16, 10, 3, 0, 0, 0, 0, 0, 0),
(3700, 16, 10, 4, 10, 10, 0, 0, 0, 0),
(3701, 16, 10, 5, 0, 0, 0, 0, 0, 0),
(3702, 16, 11, 1, 50, 50, 0, 0, 0, 0),
(3703, 16, 11, 2, 0, 0, 0, 0, 0, 0),
(3704, 16, 11, 3, 0, 0, 0, 0, 0, 0),
(3705, 16, 11, 4, 0, 0, 0, 0, 0, 0),
(3706, 16, 11, 5, 0, 0, 0, 0, 0, 0),
(3707, 16, 12, 1, 50, 50, 0, 0, 0, 0),
(3708, 16, 12, 2, 0, 0, 0, 0, 0, 0),
(3709, 16, 12, 3, 0, 0, 0, 0, 0, 0),
(3710, 16, 12, 4, 0, 0, 0, 0, 0, 0),
(3711, 16, 12, 5, 0, 0, 0, 0, 0, 0),
(3712, 16, 13, 1, 50, 50, 0, 0, 0, 0),
(3713, 16, 13, 2, 0, 0, 0, 0, 0, 0),
(3714, 16, 13, 3, 0, 0, 0, 0, 0, 0),
(3715, 16, 13, 4, 0, 0, 0, 0, 0, 0),
(3716, 16, 13, 5, 0, 0, 0, 0, 0, 0),
(3717, 16, 14, 1, 50, 50, 0, 0, 0, 0),
(3718, 16, 14, 2, 0, 0, 0, 0, 0, 0),
(3719, 16, 14, 3, 0, 0, 0, 0, 0, 0),
(3720, 16, 14, 4, 0, 0, 0, 0, 0, 0),
(3721, 16, 14, 5, 0, 0, 0, 0, 0, 0),
(3722, 16, 15, 1, 50, 50, 0, 0, 0, 0),
(3723, 16, 15, 2, 0, 0, 0, 0, 0, 0),
(3724, 16, 15, 3, 0, 0, 0, 0, 0, 0),
(3725, 16, 15, 4, 0, 0, 0, 0, 0, 0),
(3726, 16, 15, 5, 0, 0, 0, 0, 0, 0),
(3727, 16, 16, 1, 8, 8, 0, 0, 0, 0),
(3728, 16, 16, 2, 0, 0, 0, 0, 0, 0),
(3729, 16, 16, 3, 4, 4, 0, 0, 0, 0),
(3730, 16, 16, 4, 0, 0, 0, 0, 0, 0),
(3731, 16, 16, 5, 0, 0, 0, 0, 0, 0),
(3732, 16, 17, 1, 0, 0, 0, 0, 0, 0),
(3733, 16, 17, 2, 10, 10, 0, 0, 0, 0),
(3734, 16, 17, 3, 0, 0, 0, 0, 0, 0),
(3735, 16, 17, 4, 0, 0, 0, 0, 0, 0),
(3736, 16, 17, 5, 0, 0, 0, 0, 0, 0),
(3737, 16, 1, 18, 0, 0, 0, 0, 0, 0),
(3738, 16, 2, 18, 0, 0, 0, 0, 0, 0),
(3739, 16, 3, 18, 0, 0, 0, 0, 0, 0),
(3740, 16, 4, 18, 0, 0, 0, 0, 0, 0),
(3741, 16, 5, 18, 0, 0, 0, 0, 0, 0),
(3742, 16, 6, 18, 0, 0, 0, 0, 0, 0),
(3743, 16, 7, 18, 0, 0, 0, 0, 0, 0),
(3744, 16, 8, 18, 0, 0, 0, 0, 0, 0),
(3745, 16, 9, 18, 0, 0, 0, 0, 0, 0),
(3746, 16, 10, 18, 0, 0, 0, 0, 0, 0),
(3747, 16, 11, 18, 0, 0, 0, 0, 0, 0),
(3748, 16, 12, 18, 0, 0, 0, 0, 0, 0),
(3749, 16, 13, 18, 0, 0, 0, 0, 0, 0),
(3750, 16, 14, 18, 0, 0, 0, 0, 0, 0),
(3751, 16, 15, 18, 0, 0, 0, 0, 0, 0),
(3752, 16, 16, 18, 0, 0, 0, 0, 0, 0),
(3753, 16, 17, 18, 0, 0, 0, 0, 0, 0),
(3754, 16, 18, 18, 0, 0, 0, 0, 0, 0),
(3755, 17, 1, 1, 45, 45, 0, 0, 0, 0),
(3756, 17, 1, 2, 15, 15, 0, 0, 0, 0),
(3757, 17, 1, 3, 30, 30, 0, 0, 0, 0),
(3758, 17, 1, 4, 10, 10, 0, 0, 0, 0),
(3759, 17, 1, 5, 0, 0, 0, 0, 0, 0),
(3760, 17, 2, 1, 50, 50, 0, 0, 0, 0),
(3761, 17, 2, 2, 20, 20, 0, 0, 0, 0),
(3762, 17, 2, 3, 20, 20, 0, 0, 0, 0),
(3763, 17, 2, 4, 10, 10, 0, 0, 0, 0),
(3764, 17, 2, 5, 0, 0, 0, 0, 0, 0),
(3765, 17, 3, 1, 50, 50, 0, 0, 0, 0),
(3766, 17, 3, 2, 20, 20, 0, 0, 0, 0),
(3767, 17, 3, 3, 20, 20, 0, 0, 0, 0),
(3768, 17, 3, 4, 10, 10, 0, 0, 0, 0),
(3769, 17, 3, 5, 0, 0, 0, 0, 0, 0),
(3770, 17, 4, 1, 50, 50, 0, 0, 0, 0),
(3771, 17, 4, 2, 20, 20, 0, 0, 0, 0),
(3772, 17, 4, 3, 20, 20, 0, 0, 0, 0),
(3773, 17, 4, 4, 10, 10, 0, 0, 0, 0),
(3774, 17, 4, 5, 0, 0, 0, 0, 0, 0),
(3775, 17, 5, 1, 50, 50, 0, 0, 0, 0),
(3776, 17, 5, 2, 20, 20, 0, 0, 0, 0),
(3777, 17, 5, 3, 20, 20, 0, 0, 0, 0),
(3778, 17, 5, 4, 10, 10, 0, 0, 0, 0),
(3779, 17, 5, 5, 0, 0, 0, 0, 0, 0),
(3780, 17, 6, 1, 90, 90, 0, 0, 0, 0),
(3781, 17, 6, 2, 0, 0, 0, 0, 0, 0),
(3782, 17, 6, 3, 0, 0, 0, 0, 0, 0),
(3783, 17, 6, 4, 10, 10, 0, 0, 0, 0),
(3784, 17, 6, 5, 0, 0, 0, 0, 0, 0),
(3785, 17, 7, 1, 90, 90, 0, 0, 0, 0),
(3786, 17, 7, 2, 0, 0, 0, 0, 0, 0),
(3787, 17, 7, 3, 0, 0, 0, 0, 0, 0),
(3788, 17, 7, 4, 10, 10, 0, 0, 0, 0),
(3789, 17, 7, 5, 0, 0, 0, 0, 0, 0),
(3790, 17, 8, 1, 40, 40, 0, 0, 0, 0),
(3791, 17, 8, 2, 0, 0, 0, 0, 0, 0),
(3792, 17, 8, 3, 0, 0, 0, 0, 0, 0),
(3793, 17, 8, 4, 10, 10, 0, 0, 0, 0),
(3794, 17, 8, 5, 0, 0, 0, 0, 0, 0),
(3795, 17, 9, 1, 90, 90, 0, 0, 0, 0),
(3796, 17, 9, 2, 0, 0, 0, 0, 0, 0),
(3797, 17, 9, 3, 0, 0, 0, 0, 0, 0),
(3798, 17, 9, 4, 10, 10, 0, 0, 0, 0),
(3799, 17, 9, 5, 0, 0, 0, 0, 0, 0),
(3800, 17, 10, 1, 40, 40, 0, 0, 0, 0),
(3801, 17, 10, 2, 0, 0, 0, 0, 0, 0),
(3802, 17, 10, 3, 0, 0, 0, 0, 0, 0),
(3803, 17, 10, 4, 10, 10, 0, 0, 0, 0),
(3804, 17, 10, 5, 0, 0, 0, 0, 0, 0),
(3805, 17, 11, 1, 50, 50, 0, 0, 0, 0),
(3806, 17, 11, 2, 0, 0, 0, 0, 0, 0),
(3807, 17, 11, 3, 0, 0, 0, 0, 0, 0),
(3808, 17, 11, 4, 0, 0, 0, 0, 0, 0),
(3809, 17, 11, 5, 0, 0, 0, 0, 0, 0),
(3810, 17, 12, 1, 50, 50, 0, 0, 0, 0),
(3811, 17, 12, 2, 0, 0, 0, 0, 0, 0),
(3812, 17, 12, 3, 0, 0, 0, 0, 0, 0),
(3813, 17, 12, 4, 0, 0, 0, 0, 0, 0),
(3814, 17, 12, 5, 0, 0, 0, 0, 0, 0),
(3815, 17, 13, 1, 50, 50, 0, 0, 0, 0),
(3816, 17, 13, 2, 0, 0, 0, 0, 0, 0),
(3817, 17, 13, 3, 0, 0, 0, 0, 0, 0),
(3818, 17, 13, 4, 0, 0, 0, 0, 0, 0),
(3819, 17, 13, 5, 0, 0, 0, 0, 0, 0),
(3820, 17, 14, 1, 50, 50, 0, 0, 0, 0),
(3821, 17, 14, 2, 0, 0, 0, 0, 0, 0),
(3822, 17, 14, 3, 0, 0, 0, 0, 0, 0),
(3823, 17, 14, 4, 0, 0, 0, 0, 0, 0),
(3824, 17, 14, 5, 0, 0, 0, 0, 0, 0),
(3825, 17, 15, 1, 50, 50, 0, 0, 0, 0),
(3826, 17, 15, 2, 0, 0, 0, 0, 0, 0),
(3827, 17, 15, 3, 0, 0, 0, 0, 0, 0),
(3828, 17, 15, 4, 0, 0, 0, 0, 0, 0),
(3829, 17, 15, 5, 0, 0, 0, 0, 0, 0),
(3830, 17, 16, 1, 8, 8, 0, 0, 0, 0),
(3831, 17, 16, 2, 0, 0, 0, 0, 0, 0),
(3832, 17, 16, 3, 4, 4, 0, 0, 0, 0),
(3833, 17, 16, 4, 0, 0, 0, 0, 0, 0),
(3834, 17, 16, 5, 0, 0, 0, 0, 0, 0),
(3835, 17, 17, 1, 0, 0, 0, 0, 0, 0),
(3836, 17, 17, 2, 10, 10, 0, 0, 0, 0),
(3837, 17, 17, 3, 0, 0, 0, 0, 0, 0),
(3838, 17, 17, 4, 0, 0, 0, 0, 0, 0),
(3839, 17, 17, 5, 0, 0, 0, 0, 0, 0),
(3840, 17, 1, 18, 0, 0, 0, 0, 0, 0),
(3841, 17, 2, 18, 0, 0, 0, 0, 0, 0),
(3842, 17, 3, 18, 0, 0, 0, 0, 0, 0),
(3843, 17, 4, 18, 0, 0, 0, 0, 0, 0),
(3844, 17, 5, 18, 0, 0, 0, 0, 0, 0),
(3845, 17, 6, 18, 0, 0, 0, 0, 0, 0),
(3846, 17, 7, 18, 0, 0, 0, 0, 0, 0),
(3847, 17, 8, 18, 0, 0, 0, 0, 0, 0),
(3848, 17, 9, 18, 0, 0, 0, 0, 0, 0),
(3849, 17, 10, 18, 0, 0, 0, 0, 0, 0),
(3850, 17, 11, 18, 0, 0, 0, 0, 0, 0),
(3851, 17, 12, 18, 0, 0, 0, 0, 0, 0),
(3852, 17, 13, 18, 0, 0, 0, 0, 0, 0),
(3853, 17, 14, 18, 0, 0, 0, 0, 0, 0),
(3854, 17, 15, 18, 0, 0, 0, 0, 0, 0),
(3855, 17, 16, 18, 0, 0, 0, 0, 0, 0),
(3856, 17, 17, 18, 0, 0, 0, 0, 0, 0),
(3857, 17, 18, 18, 0, 0, 0, 0, 0, 0),
(3858, 18, 1, 1, 45, 42, 2, 1, 0, 0),
(3859, 18, 1, 2, 15, 15, 0, 0, 0, 0),
(3860, 18, 1, 3, 30, 30, 0, 0, 0, 0),
(3861, 18, 1, 4, 10, 10, 0, 0, 0, 0),
(3862, 18, 1, 5, 0, 0, 0, 0, 0, 0),
(3863, 18, 2, 1, 50, 49, 1, 0, 0, 0),
(3864, 18, 2, 2, 20, 20, 0, 0, 0, 0),
(3865, 18, 2, 3, 20, 20, 0, 0, 0, 0),
(3866, 18, 2, 4, 10, 10, 0, 0, 0, 0),
(3867, 18, 2, 5, 0, 0, 0, 0, 0, 0),
(3868, 18, 3, 1, 50, 50, 0, 0, 0, 0),
(3869, 18, 3, 2, 20, 20, 0, 0, 0, 0),
(3870, 18, 3, 3, 20, 20, 0, 0, 0, 0),
(3871, 18, 3, 4, 10, 10, 0, 0, 0, 0),
(3872, 18, 3, 5, 0, 0, 0, 0, 0, 0),
(3873, 18, 4, 1, 50, 49, 0, 1, 0, 0),
(3874, 18, 4, 2, 20, 20, 0, 0, 0, 0),
(3875, 18, 4, 3, 20, 20, 0, 0, 0, 0);
INSERT INTO `inventory_storage` (`id`, `inventory_control_id`, `utensils_id`, `storage_id`, `original_stock`, `stock_remain`, `lost_qty`, `damaged_qty`, `reserved_qty`, `on_use`) VALUES
(3876, 18, 4, 4, 10, 10, 0, 0, 0, 0),
(3877, 18, 4, 5, 0, 0, 0, 0, 0, 0),
(3878, 18, 5, 1, 50, 50, 0, 0, 0, 0),
(3879, 18, 5, 2, 20, 20, 0, 0, 0, 0),
(3880, 18, 5, 3, 20, 20, 0, 0, 0, 0),
(3881, 18, 5, 4, 10, 10, 0, 0, 0, 0),
(3882, 18, 5, 5, 0, 0, 0, 0, 0, 0),
(3883, 18, 6, 1, 90, 90, 0, 0, 0, 0),
(3884, 18, 6, 2, 0, 0, 0, 0, 0, 0),
(3885, 18, 6, 3, 0, 0, 0, 0, 0, 0),
(3886, 18, 6, 4, 10, 10, 0, 0, 0, 0),
(3887, 18, 6, 5, 0, 0, 0, 0, 0, 0),
(3888, 18, 7, 1, 90, 90, 0, 0, 0, 0),
(3889, 18, 7, 2, 0, 0, 0, 0, 0, 0),
(3890, 18, 7, 3, 0, 0, 0, 0, 0, 0),
(3891, 18, 7, 4, 10, 10, 0, 0, 0, 0),
(3892, 18, 7, 5, 0, 0, 0, 0, 0, 0),
(3893, 18, 8, 1, 40, 40, 0, 0, 0, 0),
(3894, 18, 8, 2, 0, 0, 0, 0, 0, 0),
(3895, 18, 8, 3, 0, 0, 0, 0, 0, 0),
(3896, 18, 8, 4, 10, 10, 0, 0, 0, 0),
(3897, 18, 8, 5, 0, 0, 0, 0, 0, 0),
(3898, 18, 9, 1, 90, 90, 0, 0, 0, 0),
(3899, 18, 9, 2, 0, 0, 0, 0, 0, 0),
(3900, 18, 9, 3, 0, 0, 0, 0, 0, 0),
(3901, 18, 9, 4, 10, 10, 0, 0, 0, 0),
(3902, 18, 9, 5, 0, 0, 0, 0, 0, 0),
(3903, 18, 10, 1, 40, 40, 0, 0, 0, 0),
(3904, 18, 10, 2, 0, 0, 0, 0, 0, 0),
(3905, 18, 10, 3, 0, 0, 0, 0, 0, 0),
(3906, 18, 10, 4, 10, 10, 0, 0, 0, 0),
(3907, 18, 10, 5, 0, 0, 0, 0, 0, 0),
(3908, 18, 11, 1, 50, 50, 0, 0, 0, 0),
(3909, 18, 11, 2, 0, 0, 0, 0, 0, 0),
(3910, 18, 11, 3, 0, 0, 0, 0, 0, 0),
(3911, 18, 11, 4, 0, 0, 0, 0, 0, 0),
(3912, 18, 11, 5, 0, 0, 0, 0, 0, 0),
(3913, 18, 12, 1, 50, 50, 0, 0, 0, 0),
(3914, 18, 12, 2, 0, 0, 0, 0, 0, 0),
(3915, 18, 12, 3, 0, 0, 0, 0, 0, 0),
(3916, 18, 12, 4, 0, 0, 0, 0, 0, 0),
(3917, 18, 12, 5, 0, 0, 0, 0, 0, 0),
(3918, 18, 13, 1, 50, 50, 0, 0, 0, 0),
(3919, 18, 13, 2, 0, 0, 0, 0, 0, 0),
(3920, 18, 13, 3, 0, 0, 0, 0, 0, 0),
(3921, 18, 13, 4, 0, 0, 0, 0, 0, 0),
(3922, 18, 13, 5, 0, 0, 0, 0, 0, 0),
(3923, 18, 14, 1, 50, 50, 0, 0, 0, 0),
(3924, 18, 14, 2, 0, 0, 0, 0, 0, 0),
(3925, 18, 14, 3, 0, 0, 0, 0, 0, 0),
(3926, 18, 14, 4, 0, 0, 0, 0, 0, 0),
(3927, 18, 14, 5, 0, 0, 0, 0, 0, 0),
(3928, 18, 15, 1, 50, 50, 0, 0, 0, 0),
(3929, 18, 15, 2, 0, 0, 0, 0, 0, 0),
(3930, 18, 15, 3, 0, 0, 0, 0, 0, 0),
(3931, 18, 15, 4, 0, 0, 0, 0, 0, 0),
(3932, 18, 15, 5, 0, 0, 0, 0, 0, 0),
(3933, 18, 16, 1, 8, 8, 0, 0, 0, 0),
(3934, 18, 16, 2, 0, 0, 0, 0, 0, 0),
(3935, 18, 16, 3, 4, 4, 0, 0, 0, 0),
(3936, 18, 16, 4, 0, 0, 0, 0, 0, 0),
(3937, 18, 16, 5, 0, 0, 0, 0, 0, 0),
(3938, 18, 17, 1, 0, 0, 0, 0, 0, 0),
(3939, 18, 17, 2, 10, 10, 0, 0, 0, 0),
(3940, 18, 17, 3, 0, 0, 0, 0, 0, 0),
(3941, 18, 17, 4, 0, 0, 0, 0, 0, 0),
(3942, 18, 17, 5, 0, 0, 0, 0, 0, 0),
(3943, 18, 1, 18, 0, 0, 0, 0, 0, 0),
(3944, 18, 2, 18, 0, 0, 0, 0, 0, 0),
(3945, 18, 3, 18, 0, 0, 0, 0, 0, 0),
(3946, 18, 4, 18, 0, 0, 0, 0, 0, 0),
(3947, 18, 5, 18, 0, 0, 0, 0, 0, 0),
(3948, 18, 6, 18, 0, 0, 0, 0, 0, 0),
(3949, 18, 7, 18, 0, 0, 0, 0, 0, 0),
(3950, 18, 8, 18, 0, 0, 0, 0, 0, 0),
(3951, 18, 9, 18, 0, 0, 0, 0, 0, 0),
(3952, 18, 10, 18, 0, 0, 0, 0, 0, 0),
(3953, 18, 11, 18, 0, 0, 0, 0, 0, 0),
(3954, 18, 12, 18, 0, 0, 0, 0, 0, 0),
(3955, 18, 13, 18, 0, 0, 0, 0, 0, 0),
(3956, 18, 14, 18, 0, 0, 0, 0, 0, 0),
(3957, 18, 15, 18, 0, 0, 0, 0, 0, 0),
(3958, 18, 16, 18, 0, 0, 0, 0, 0, 0),
(3959, 18, 17, 18, 0, 0, 0, 0, 0, 0),
(3960, 18, 18, 18, 0, 0, 0, 0, 0, 0),
(4552, 19, 1, 1, 45, 45, 0, 0, 0, 0),
(4553, 19, 1, 2, 15, 15, 0, 0, 0, 0),
(4554, 19, 1, 3, 30, 30, 0, 0, 0, 0),
(4555, 19, 1, 4, 10, 10, 0, 0, 0, 0),
(4556, 19, 1, 5, 0, 0, 0, 0, 0, 0),
(4557, 19, 1, 18, 0, 0, 0, 0, 0, 0),
(4558, 19, 2, 18, 0, 0, 0, 0, 0, 0),
(4559, 19, 2, 5, 0, 0, 0, 0, 0, 0),
(4560, 19, 2, 4, 10, 10, 0, 0, 0, 0),
(4561, 19, 2, 3, 20, 20, 0, 0, 0, 0),
(4562, 19, 2, 2, 20, 20, 0, 0, 0, 0),
(4563, 19, 2, 1, 50, 50, 0, 0, 0, 0),
(4564, 19, 3, 18, 0, 0, 0, 0, 0, 0),
(4565, 19, 3, 5, 0, 0, 0, 0, 0, 0),
(4566, 19, 3, 4, 10, 10, 0, 0, 0, 0),
(4567, 19, 3, 3, 20, 20, 0, 0, 0, 0),
(4568, 19, 3, 2, 20, 20, 0, 0, 0, 0),
(4569, 19, 3, 1, 50, 50, 0, 0, 0, 0),
(4570, 19, 4, 18, 0, 0, 0, 0, 0, 0),
(4571, 19, 4, 4, 10, 10, 0, 0, 0, 0),
(4572, 19, 4, 1, 50, 50, 0, 0, 0, 0),
(4573, 19, 4, 5, 0, 0, 0, 0, 0, 0),
(4574, 19, 4, 2, 20, 20, 0, 0, 0, 0),
(4575, 19, 4, 3, 20, 20, 0, 0, 0, 0),
(4576, 19, 5, 1, 50, 50, 0, 0, 0, 0),
(4577, 19, 5, 18, 0, 0, 0, 0, 0, 0),
(4578, 19, 5, 4, 10, 10, 0, 0, 0, 0),
(4579, 19, 5, 3, 20, 20, 0, 0, 0, 0),
(4580, 19, 5, 2, 20, 20, 0, 0, 0, 0),
(4581, 19, 5, 5, 0, 0, 0, 0, 0, 0),
(4582, 19, 6, 18, 0, 0, 0, 0, 0, 0),
(4583, 19, 6, 3, 0, 0, 0, 0, 0, 0),
(4584, 19, 6, 1, 90, 90, 0, 0, 0, 0),
(4585, 19, 6, 5, 0, 0, 0, 0, 0, 0),
(4586, 19, 6, 2, 0, 0, 0, 0, 0, 0),
(4587, 19, 6, 4, 10, 10, 0, 0, 0, 0),
(4588, 19, 7, 18, 0, 0, 0, 0, 0, 0),
(4589, 19, 7, 1, 90, 90, 0, 0, 0, 0),
(4590, 19, 7, 5, 0, 0, 0, 0, 0, 0),
(4591, 19, 7, 4, 10, 10, 0, 0, 0, 0),
(4592, 19, 7, 3, 0, 0, 0, 0, 0, 0),
(4593, 19, 7, 2, 0, 0, 0, 0, 0, 0),
(4594, 19, 8, 2, 0, 0, 0, 0, 0, 0),
(4595, 19, 8, 1, 40, 40, 0, 0, 0, 0),
(4596, 19, 8, 18, 0, 0, 0, 0, 0, 0),
(4597, 19, 8, 3, 0, 0, 0, 0, 0, 0),
(4598, 19, 8, 5, 0, 0, 0, 0, 0, 0),
(4599, 19, 8, 4, 10, 10, 0, 0, 0, 0),
(4600, 19, 9, 5, 0, 0, 0, 0, 0, 0),
(4601, 19, 9, 4, 10, 10, 0, 0, 0, 0),
(4602, 19, 9, 3, 0, 0, 0, 0, 0, 0),
(4603, 19, 9, 2, 0, 0, 0, 0, 0, 0),
(4604, 19, 9, 1, 90, 90, 0, 0, 0, 0),
(4605, 19, 9, 18, 0, 0, 0, 0, 0, 0),
(4606, 19, 10, 3, 0, 0, 0, 0, 0, 0),
(4607, 19, 10, 18, 0, 0, 0, 0, 0, 0),
(4608, 19, 10, 5, 0, 0, 0, 0, 0, 0),
(4609, 19, 10, 4, 10, 10, 0, 0, 0, 0),
(4610, 19, 10, 2, 0, 0, 0, 0, 0, 0),
(4611, 19, 10, 1, 40, 40, 0, 0, 0, 0),
(4612, 19, 11, 18, 0, 0, 0, 0, 0, 0),
(4613, 19, 11, 3, 0, 0, 0, 0, 0, 0),
(4614, 19, 11, 5, 0, 0, 0, 0, 0, 0),
(4615, 19, 11, 1, 50, 50, 0, 0, 0, 0),
(4616, 19, 11, 2, 0, 0, 0, 0, 0, 0),
(4617, 19, 11, 4, 0, 0, 0, 0, 0, 0),
(4618, 19, 12, 18, 0, 0, 0, 0, 0, 0),
(4619, 19, 12, 2, 0, 0, 0, 0, 0, 0),
(4620, 19, 12, 1, 50, 50, 0, 0, 0, 0),
(4621, 19, 12, 5, 0, 0, 0, 0, 0, 0),
(4622, 19, 12, 4, 0, 0, 0, 0, 0, 0),
(4623, 19, 12, 3, 0, 0, 0, 0, 0, 0),
(4624, 19, 13, 1, 50, 50, 0, 0, 0, 0),
(4625, 19, 13, 18, 0, 0, 0, 0, 0, 0),
(4626, 19, 13, 3, 0, 0, 0, 0, 0, 0),
(4627, 19, 13, 4, 0, 0, 0, 0, 0, 0),
(4628, 19, 13, 5, 0, 0, 0, 0, 0, 0),
(4629, 19, 13, 2, 0, 0, 0, 0, 0, 0),
(4630, 19, 14, 4, 0, 0, 0, 0, 0, 0),
(4631, 19, 14, 18, 0, 0, 0, 0, 0, 0),
(4632, 19, 14, 1, 50, 50, 0, 0, 0, 0),
(4633, 19, 14, 5, 0, 0, 0, 0, 0, 0),
(4634, 19, 14, 2, 0, 0, 0, 0, 0, 0),
(4635, 19, 14, 3, 0, 0, 0, 0, 0, 0),
(4636, 19, 15, 18, 0, 0, 0, 0, 0, 0),
(4637, 19, 15, 1, 50, 50, 0, 0, 0, 0),
(4638, 19, 15, 2, 0, 0, 0, 0, 0, 0),
(4639, 19, 15, 3, 0, 0, 0, 0, 0, 0),
(4640, 19, 15, 4, 0, 0, 0, 0, 0, 0),
(4641, 19, 15, 5, 0, 0, 0, 0, 0, 0),
(4642, 19, 16, 18, 0, 0, 0, 0, 0, 0),
(4643, 19, 16, 5, 0, 0, 0, 0, 0, 0),
(4644, 19, 16, 1, 8, 8, 0, 0, 0, 0),
(4645, 19, 16, 2, 0, 0, 0, 0, 0, 0),
(4646, 19, 16, 3, 4, 4, 0, 0, 0, 0),
(4647, 19, 16, 4, 0, 0, 0, 0, 0, 0),
(4648, 19, 17, 5, 0, 0, 0, 0, 0, 0),
(4649, 19, 17, 1, 0, 0, 0, 0, 0, 0),
(4650, 19, 17, 2, 10, 10, 0, 0, 0, 0),
(4651, 19, 17, 3, 0, 0, 0, 0, 0, 0),
(4652, 19, 17, 4, 0, 0, 0, 0, 0, 0),
(4653, 19, 17, 18, 0, 0, 0, 0, 0, 0),
(4654, 19, 19, 18, 0, 0, 0, 0, 0, 0),
(4655, 19, 19, 5, 0, 0, 0, 0, 0, 0),
(4656, 19, 19, 4, 0, 0, 0, 0, 0, 0),
(4657, 19, 19, 3, 0, 0, 0, 0, 0, 0),
(4658, 19, 19, 2, 0, 0, 0, 0, 0, 0),
(4659, 19, 19, 1, 34, 34, 0, 0, 0, 0),
(4660, 19, 20, 18, 0, 0, 0, 0, 0, 0),
(4661, 19, 20, 5, 0, 0, 0, 0, 0, 0),
(4662, 19, 20, 4, 0, 0, 0, 0, 0, 0),
(4663, 19, 20, 3, 0, 0, 0, 0, 0, 0),
(4664, 19, 20, 2, 0, 0, 0, 0, 0, 0),
(4665, 19, 20, 1, 45, 45, 0, 0, 0, 0),
(4666, 19, 21, 18, 0, 0, 0, 0, 0, 0),
(4667, 19, 21, 5, 0, 0, 0, 0, 0, 0),
(4668, 19, 21, 4, 0, 0, 0, 0, 0, 0),
(4669, 19, 21, 3, 0, 0, 0, 0, 0, 0),
(4670, 19, 21, 2, 0, 0, 0, 0, 0, 0),
(4671, 19, 21, 1, 45, 45, 0, 0, 0, 0),
(4672, 19, 22, 18, 0, 0, 0, 0, 0, 0),
(4673, 19, 22, 5, 0, 0, 0, 0, 0, 0),
(4674, 19, 22, 4, 0, 0, 0, 0, 0, 0),
(4675, 19, 22, 3, 0, 0, 0, 0, 0, 0),
(4676, 19, 22, 2, 0, 0, 0, 0, 0, 0),
(4677, 19, 22, 1, 34, 34, 0, 0, 0, 0),
(4678, 19, 23, 18, 0, 0, 0, 0, 0, 0),
(4679, 19, 23, 5, 0, 0, 0, 0, 0, 0),
(4680, 19, 23, 4, 0, 0, 0, 0, 0, 0),
(4681, 19, 23, 3, 0, 0, 0, 0, 0, 0),
(4682, 19, 23, 2, 0, 0, 0, 0, 0, 0),
(4683, 19, 23, 1, 34, 34, 0, 0, 0, 0),
(4684, 19, 24, 1, 34, 34, 0, 0, 0, 0),
(4685, 19, 24, 2, 0, 0, 0, 0, 0, 0),
(4686, 19, 24, 3, 0, 0, 0, 0, 0, 0),
(4687, 19, 24, 4, 0, 0, 0, 0, 0, 0),
(4688, 19, 24, 5, 0, 0, 0, 0, 0, 0),
(4689, 19, 24, 18, 0, 0, 0, 0, 0, 0),
(4690, 20, 1, 1, 45, 44, 0, 0, 1, 0),
(4691, 20, 1, 2, 15, 15, 0, 0, 0, 0),
(4692, 20, 1, 3, 30, 29, 0, 0, 1, 0),
(4693, 20, 1, 4, 10, 9, 0, 0, 1, 0),
(4694, 20, 1, 5, 0, 0, 0, 0, 0, 0),
(4695, 20, 2, 1, 50, 50, 0, 0, 0, 0),
(4696, 20, 2, 2, 20, 20, 0, 0, 0, 0),
(4697, 20, 2, 3, 20, 20, 0, 0, 0, 0),
(4698, 20, 2, 4, 10, 9, 0, 0, 1, 0),
(4699, 20, 2, 5, 0, 0, 0, 0, 0, 0),
(4700, 20, 3, 1, 50, 50, 0, 0, 0, 0),
(4701, 20, 3, 2, 20, 20, 0, 0, 0, 0),
(4702, 20, 3, 3, 20, 19, 0, 0, 1, 0),
(4703, 20, 3, 4, 10, 9, 0, 0, 1, 0),
(4704, 20, 3, 5, 0, 0, 0, 0, 0, 0),
(4705, 20, 4, 1, 50, 50, 0, 0, 0, 0),
(4706, 20, 4, 2, 20, 20, 0, 0, 0, 0),
(4707, 20, 4, 3, 20, 19, 0, 0, 1, 0),
(4708, 20, 4, 4, 10, 10, 0, 0, 0, 0),
(4709, 20, 4, 5, 0, 0, 0, 0, 0, 0),
(4710, 20, 5, 1, 50, 50, 0, 0, 0, 0),
(4711, 20, 5, 2, 20, 20, 0, 0, 0, 0),
(4712, 20, 5, 3, 20, 20, 0, 0, 0, 0),
(4713, 20, 5, 4, 10, 10, 0, 0, 0, 0),
(4714, 20, 5, 5, 0, 0, 0, 0, 0, 0),
(4715, 20, 6, 1, 90, 90, 0, 0, 0, 0),
(4716, 20, 6, 2, 0, 0, 0, 0, 0, 0),
(4717, 20, 6, 3, 0, 0, 0, 0, 0, 0),
(4718, 20, 6, 4, 10, 10, 0, 0, 0, 0),
(4719, 20, 6, 5, 0, 0, 0, 0, 0, 0),
(4720, 20, 7, 1, 90, 90, 0, 0, 0, 0),
(4721, 20, 7, 2, 0, 0, 0, 0, 0, 0),
(4722, 20, 7, 3, 0, 0, 0, 0, 0, 0),
(4723, 20, 7, 4, 10, 10, 0, 0, 0, 0),
(4724, 20, 7, 5, 0, 0, 0, 0, 0, 0),
(4725, 20, 8, 1, 40, 40, 0, 0, 0, 0),
(4726, 20, 8, 2, 0, 0, 0, 0, 0, 0),
(4727, 20, 8, 3, 0, 0, 0, 0, 0, 0),
(4728, 20, 8, 4, 10, 10, 0, 0, 0, 0),
(4729, 20, 8, 5, 0, 0, 0, 0, 0, 0),
(4730, 20, 9, 1, 90, 90, 0, 0, 0, 0),
(4731, 20, 9, 2, 0, 0, 0, 0, 0, 0),
(4732, 20, 9, 3, 0, 0, 0, 0, 0, 0),
(4733, 20, 9, 4, 10, 10, 0, 0, 0, 0),
(4734, 20, 9, 5, 0, 0, 0, 0, 0, 0),
(4735, 20, 10, 1, 40, 40, 0, 0, 0, 0),
(4736, 20, 10, 2, 0, 0, 0, 0, 0, 0),
(4737, 20, 10, 3, 0, 0, 0, 0, 0, 0),
(4738, 20, 10, 4, 10, 10, 0, 0, 0, 0),
(4739, 20, 10, 5, 0, 0, 0, 0, 0, 0),
(4740, 20, 11, 1, 50, 50, 0, 0, 0, 0),
(4741, 20, 11, 2, 0, 0, 0, 0, 0, 0),
(4742, 20, 11, 3, 0, 0, 0, 0, 0, 0),
(4743, 20, 11, 4, 0, 0, 0, 0, 0, 0),
(4744, 20, 11, 5, 0, 0, 0, 0, 0, 0),
(4745, 20, 12, 1, 50, 50, 0, 0, 0, 0),
(4746, 20, 12, 2, 0, 0, 0, 0, 0, 0),
(4747, 20, 12, 3, 0, 0, 0, 0, 0, 0),
(4748, 20, 12, 4, 0, 0, 0, 0, 0, 0),
(4749, 20, 12, 5, 0, 0, 0, 0, 0, 0),
(4750, 20, 13, 1, 50, 50, 0, 0, 0, 0),
(4751, 20, 13, 2, 0, 0, 0, 0, 0, 0),
(4752, 20, 13, 3, 0, 0, 0, 0, 0, 0),
(4753, 20, 13, 4, 0, 0, 0, 0, 0, 0),
(4754, 20, 13, 5, 0, 0, 0, 0, 0, 0),
(4755, 20, 14, 1, 50, 50, 0, 0, 0, 0),
(4756, 20, 14, 2, 0, 0, 0, 0, 0, 0),
(4757, 20, 14, 3, 0, 0, 0, 0, 0, 0),
(4758, 20, 14, 4, 0, 0, 0, 0, 0, 0),
(4759, 20, 14, 5, 0, 0, 0, 0, 0, 0),
(4760, 20, 15, 1, 50, 50, 0, 0, 0, 0),
(4761, 20, 15, 2, 0, 0, 0, 0, 0, 0),
(4762, 20, 15, 3, 0, 0, 0, 0, 0, 0),
(4763, 20, 15, 4, 0, 0, 0, 0, 0, 0),
(4764, 20, 15, 5, 0, 0, 0, 0, 0, 0),
(4765, 20, 16, 1, 8, 8, 0, 0, 0, 0),
(4766, 20, 16, 2, 0, 0, 0, 0, 0, 0),
(4767, 20, 16, 3, 4, 4, 0, 0, 0, 0),
(4768, 20, 16, 4, 0, 0, 0, 0, 0, 0),
(4769, 20, 16, 5, 0, 0, 0, 0, 0, 0),
(4770, 20, 17, 1, 0, 0, 0, 0, 0, 0),
(4771, 20, 17, 2, 10, 10, 0, 0, 0, 0),
(4772, 20, 17, 3, 0, 0, 0, 0, 0, 0),
(4773, 20, 17, 4, 0, 0, 0, 0, 0, 0),
(4774, 20, 17, 5, 0, 0, 0, 0, 0, 0),
(4775, 20, 1, 18, 0, 0, 0, 0, 0, 0),
(4776, 20, 2, 18, 0, 0, 0, 0, 0, 0),
(4777, 20, 3, 18, 0, 0, 0, 0, 0, 0),
(4778, 20, 4, 18, 0, 0, 0, 0, 0, 0),
(4779, 20, 5, 18, 0, 0, 0, 0, 0, 0),
(4780, 20, 6, 18, 0, 0, 0, 0, 0, 0),
(4781, 20, 7, 18, 0, 0, 0, 0, 0, 0),
(4782, 20, 8, 18, 0, 0, 0, 0, 0, 0),
(4783, 20, 9, 18, 0, 0, 0, 0, 0, 0),
(4784, 20, 10, 18, 0, 0, 0, 0, 0, 0),
(4785, 20, 11, 18, 0, 0, 0, 0, 0, 0),
(4786, 20, 12, 18, 0, 0, 0, 0, 0, 0),
(4787, 20, 13, 18, 0, 0, 0, 0, 0, 0),
(4788, 20, 14, 18, 0, 0, 0, 0, 0, 0),
(4789, 20, 15, 18, 0, 0, 0, 0, 0, 0),
(4790, 20, 16, 18, 0, 0, 0, 0, 0, 0),
(4791, 20, 17, 18, 0, 0, 0, 0, 0, 0),
(4792, 20, 19, 1, 34, 34, 0, 0, 0, 0),
(4793, 20, 19, 2, 0, 0, 0, 0, 0, 0),
(4794, 20, 19, 3, 0, 0, 0, 0, 0, 0),
(4795, 20, 19, 4, 0, 0, 0, 0, 0, 0),
(4796, 20, 19, 5, 0, 0, 0, 0, 0, 0),
(4797, 20, 19, 18, 0, 0, 0, 0, 0, 0),
(4798, 20, 20, 1, 45, 45, 0, 0, 0, 0),
(4799, 20, 20, 2, 0, 0, 0, 0, 0, 0),
(4800, 20, 20, 3, 0, 0, 0, 0, 0, 0),
(4801, 20, 20, 4, 0, 0, 0, 0, 0, 0),
(4802, 20, 20, 5, 0, 0, 0, 0, 0, 0),
(4803, 20, 20, 18, 0, 0, 0, 0, 0, 0),
(4804, 20, 21, 1, 45, 45, 0, 0, 0, 0),
(4805, 20, 21, 2, 0, 0, 0, 0, 0, 0),
(4806, 20, 21, 3, 0, 0, 0, 0, 0, 0),
(4807, 20, 21, 4, 0, 0, 0, 0, 0, 0),
(4808, 20, 21, 5, 0, 0, 0, 0, 0, 0),
(4809, 20, 21, 18, 0, 0, 0, 0, 0, 0),
(4810, 20, 22, 1, 34, 34, 0, 0, 0, 0),
(4811, 20, 22, 2, 0, 0, 0, 0, 0, 0),
(4812, 20, 22, 3, 0, 0, 0, 0, 0, 0),
(4813, 20, 22, 4, 0, 0, 0, 0, 0, 0),
(4814, 20, 22, 5, 0, 0, 0, 0, 0, 0),
(4815, 20, 22, 18, 0, 0, 0, 0, 0, 0),
(4816, 20, 23, 1, 34, 34, 0, 0, 0, 0),
(4817, 20, 23, 2, 0, 0, 0, 0, 0, 0),
(4818, 20, 23, 3, 0, 0, 0, 0, 0, 0),
(4819, 20, 23, 4, 0, 0, 0, 0, 0, 0),
(4820, 20, 23, 5, 0, 0, 0, 0, 0, 0),
(4821, 20, 23, 18, 0, 0, 0, 0, 0, 0),
(4822, 20, 24, 1, 34, 34, 0, 0, 0, 0),
(4823, 20, 24, 2, 0, 0, 0, 0, 0, 0),
(4824, 20, 24, 3, 0, 0, 0, 0, 0, 0),
(4825, 20, 24, 4, 0, 0, 0, 0, 0, 0),
(4826, 20, 24, 5, 0, 0, 0, 0, 0, 0),
(4827, 20, 24, 18, 0, 0, 0, 0, 0, 0);

-- --------------------------------------------------------

--
-- Table structure for table `new_arrival_utensils`
--

CREATE TABLE `new_arrival_utensils` (
  `new_arvl_id` int(100) NOT NULL,
  `date_received` date NOT NULL,
  `new_arvl_qty` int(100) NOT NULL,
  `utensils_id` int(100) NOT NULL,
  `received_by` varchar(50) NOT NULL,
  `storage_id` int(100) NOT NULL,
  `checked_by` varchar(50) NOT NULL,
  `approved_by` varchar(50) NOT NULL,
  `date_approved` date NOT NULL,
  `status` int(50) NOT NULL
) ENGINE=InnoDB DEFAULT CHARSET=latin1;

--
-- Dumping data for table `new_arrival_utensils`
--

INSERT INTO `new_arrival_utensils` (`new_arvl_id`, `date_received`, `new_arvl_qty`, `utensils_id`, `received_by`, `storage_id`, `checked_by`, `approved_by`, `date_approved`, `status`) VALUES
(1, '2020-01-28', 100, 1, '92', 0, '92', '1', '2020-02-27', 1),
(2, '2020-01-30', 100, 2, '92', 0, '92', '1', '2020-02-27', 1),
(3, '2020-02-03', 100, 3, '92', 0, '92', '1', '2020-02-27', 1),
(4, '2020-02-12', 100, 4, '92', 0, '92', '1', '2020-02-27', 1),
(5, '2020-02-03', 100, 5, '92', 0, '92', '1', '2020-02-27', 1),
(6, '2020-02-13', 100, 6, '92', 0, '92', '1', '2020-02-27', 1),
(7, '2020-02-05', 100, 7, '92', 0, '92', '1', '2020-02-27', 1),
(8, '2020-02-21', 50, 8, '92', 0, '92', '1', '2020-02-27', 1),
(9, '2020-02-06', 100, 9, '92', 0, '92', '1', '2020-02-27', 1),
(10, '2020-02-10', 50, 10, '92', 0, '92', '1', '2020-02-27', 1),
(11, '2020-02-13', 50, 11, '92', 0, '92', '1', '2020-02-27', 1),
(12, '2020-02-11', 50, 12, '92', 0, '92', '1', '2020-02-27', 1),
(13, '2020-02-19', 50, 13, '92', 0, '92', '1', '2020-02-27', 1),
(14, '2020-02-04', 50, 14, '92', 0, '92', '1', '2020-02-27', 1),
(15, '2020-02-11', 50, 15, '92', 0, '92', '1', '2020-02-27', 1),
(16, '2020-02-28', 12, 16, '92', 0, '92', '1', '2020-02-28', 1),
(17, '2020-02-21', 10, 17, '92', 0, '92', '1', '2020-02-28', 1),
(19, '2020-03-04', 34, 19, '92', 0, '92', '1', '2020-03-05', 1),
(20, '2020-03-03', 45, 20, '92', 0, '92', '1', '2020-03-05', 1),
(21, '2020-03-04', 45, 21, '92', 0, '92', '1', '2020-03-05', 1),
(22, '2020-03-04', 34, 22, '92', 0, '92', '1', '2020-03-05', 1),
(23, '2020-03-04', 34, 23, '92', 0, '92', '1', '2020-03-05', 1),
(24, '2020-03-04', 34, 24, '92', 0, '92', '1', '2020-03-05', 1);

-- --------------------------------------------------------

--
-- Table structure for table `notification`
--

CREATE TABLE `notification` (
  `id` int(50) NOT NULL,
  `notif_control_id` int(100) NOT NULL,
  `user_id` int(50) NOT NULL,
  `user_notif_type` int(11) NOT NULL,
  `notif_date` datetime NOT NULL,
  `notif_approved_date` datetime NOT NULL,
  `seen_user` int(11) NOT NULL,
  `seen_staff` int(11) NOT NULL,
  `seen_admin` int(11) NOT NULL,
  `notif_count` int(11) NOT NULL
) ENGINE=InnoDB DEFAULT CHARSET=latin1;

--
-- Dumping data for table `notification`
--

INSERT INTO `notification` (`id`, `notif_control_id`, `user_id`, `user_notif_type`, `notif_date`, `notif_approved_date`, `seen_user`, `seen_staff`, `seen_admin`, `notif_count`) VALUES
(1, 1, 95, 1, '2020-03-04 23:31:24', '0000-00-00 00:00:00', 3, 0, 0, 1),
(2, 1, 96, 1, '2020-03-04 23:31:24', '0000-00-00 00:00:00', 3, 0, 0, 0),
(3, 1, 92, 2, '2020-03-04 23:30:14', '0000-00-00 00:00:00', 0, 1, 0, 1),
(4, 1, 93, 2, '2020-03-04 23:30:14', '0000-00-00 00:00:00', 0, 0, 0, 0),
(5, 1, 101, 2, '2020-03-04 23:30:14', '0000-00-00 00:00:00', 0, 0, 0, 0),
(6, 1, 102, 2, '2020-03-04 23:30:14', '0000-00-00 00:00:00', 0, 0, 0, 0),
(7, 1, 105, 2, '2020-03-04 23:30:14', '0000-00-00 00:00:00', 0, 0, 0, 0),
(8, 1, 106, 2, '2020-03-04 23:30:14', '0000-00-00 00:00:00', 0, 0, 0, 0),
(9, 1, 107, 2, '2020-03-04 23:30:14', '0000-00-00 00:00:00', 0, 0, 0, 0),
(10, 1, 108, 2, '2020-03-04 23:30:14', '0000-00-00 00:00:00', 0, 0, 0, 0),
(11, 1, 109, 2, '2020-03-04 23:30:14', '0000-00-00 00:00:00', 0, 0, 0, 0),
(12, 1, 110, 2, '2020-03-04 23:30:14', '0000-00-00 00:00:00', 0, 0, 0, 0),
(13, 1, 114, 2, '2020-03-04 23:30:14', '0000-00-00 00:00:00', 0, 0, 0, 0),
(14, 1, 115, 2, '2020-03-04 23:30:14', '0000-00-00 00:00:00', 0, 0, 0, 0),
(15, 1, 117, 2, '2020-03-04 23:30:14', '0000-00-00 00:00:00', 0, 0, 0, 0),
(16, 1, 118, 2, '2020-03-04 23:30:14', '0000-00-00 00:00:00', 0, 0, 0, 0),
(17, 1, 119, 2, '2020-03-04 23:30:14', '0000-00-00 00:00:00', 0, 0, 0, 0),
(18, 1, 121, 2, '2020-03-04 23:30:14', '0000-00-00 00:00:00', 0, 0, 0, 0),
(19, 1, 126, 2, '2020-03-04 23:30:14', '0000-00-00 00:00:00', 0, 0, 0, 0),
(20, 1, 129, 2, '2020-03-04 23:30:14', '0000-00-00 00:00:00', 0, 0, 0, 0),
(21, 1, 131, 2, '2020-03-04 23:30:14', '0000-00-00 00:00:00', 0, 0, 0, 0),
(22, 1, 132, 2, '2020-03-04 23:30:14', '0000-00-00 00:00:00', 0, 0, 0, 0),
(23, 2, 95, 1, '0000-00-00 00:00:00', '0000-00-00 00:00:00', 0, 0, 0, 1),
(24, 2, 96, 1, '0000-00-00 00:00:00', '0000-00-00 00:00:00', 0, 0, 0, 0),
(25, 2, 92, 2, '2020-03-04 23:34:52', '0000-00-00 00:00:00', 0, 1, 0, 1),
(26, 2, 93, 2, '2020-03-04 23:34:52', '0000-00-00 00:00:00', 0, 0, 0, 0),
(27, 2, 101, 2, '2020-03-04 23:34:52', '0000-00-00 00:00:00', 0, 0, 0, 0),
(28, 2, 102, 2, '2020-03-04 23:34:52', '0000-00-00 00:00:00', 0, 0, 0, 0),
(29, 2, 105, 2, '2020-03-04 23:34:52', '0000-00-00 00:00:00', 0, 0, 0, 0),
(30, 2, 106, 2, '2020-03-04 23:34:52', '0000-00-00 00:00:00', 0, 0, 0, 0),
(31, 2, 107, 2, '2020-03-04 23:34:52', '0000-00-00 00:00:00', 0, 0, 0, 0),
(32, 2, 108, 2, '2020-03-04 23:34:52', '0000-00-00 00:00:00', 0, 0, 0, 0),
(33, 2, 109, 2, '2020-03-04 23:34:52', '0000-00-00 00:00:00', 0, 0, 0, 0),
(34, 2, 110, 2, '2020-03-04 23:34:52', '0000-00-00 00:00:00', 0, 0, 0, 0),
(35, 2, 114, 2, '2020-03-04 23:34:52', '0000-00-00 00:00:00', 0, 0, 0, 0),
(36, 2, 115, 2, '2020-03-04 23:34:52', '0000-00-00 00:00:00', 0, 0, 0, 0),
(37, 2, 117, 2, '2020-03-04 23:34:52', '0000-00-00 00:00:00', 0, 0, 0, 0),
(38, 2, 118, 2, '2020-03-04 23:34:52', '0000-00-00 00:00:00', 0, 0, 0, 0),
(39, 2, 119, 2, '2020-03-04 23:34:52', '0000-00-00 00:00:00', 0, 0, 0, 0),
(40, 2, 121, 2, '2020-03-04 23:34:52', '0000-00-00 00:00:00', 0, 0, 0, 0),
(41, 2, 126, 2, '2020-03-04 23:34:52', '0000-00-00 00:00:00', 0, 0, 0, 0),
(42, 2, 129, 2, '2020-03-04 23:34:52', '0000-00-00 00:00:00', 0, 0, 0, 0),
(43, 2, 131, 2, '2020-03-04 23:34:52', '0000-00-00 00:00:00', 0, 0, 0, 0),
(44, 2, 132, 2, '2020-03-04 23:34:52', '0000-00-00 00:00:00', 0, 0, 0, 0),
(45, 3, 95, 1, '2020-03-04 23:41:48', '2020-03-04 23:42:01', 2, 0, 0, 1),
(46, 3, 92, 2, '2020-03-04 23:41:48', '0000-00-00 00:00:00', 0, 1, 0, 1),
(47, 3, 93, 2, '2020-03-04 23:41:48', '0000-00-00 00:00:00', 0, 0, 0, 0),
(48, 3, 101, 2, '2020-03-04 23:41:48', '0000-00-00 00:00:00', 0, 0, 0, 0),
(49, 3, 102, 2, '2020-03-04 23:41:48', '0000-00-00 00:00:00', 0, 0, 0, 0),
(50, 3, 105, 2, '2020-03-04 23:41:48', '0000-00-00 00:00:00', 0, 0, 0, 0),
(51, 3, 106, 2, '2020-03-04 23:41:48', '0000-00-00 00:00:00', 0, 0, 0, 0),
(52, 3, 107, 2, '2020-03-04 23:41:48', '0000-00-00 00:00:00', 0, 0, 0, 0),
(53, 3, 108, 2, '2020-03-04 23:41:48', '0000-00-00 00:00:00', 0, 0, 0, 0),
(54, 3, 109, 2, '2020-03-04 23:41:48', '0000-00-00 00:00:00', 0, 0, 0, 0),
(55, 3, 110, 2, '2020-03-04 23:41:48', '0000-00-00 00:00:00', 0, 0, 0, 0),
(56, 3, 114, 2, '2020-03-04 23:41:48', '0000-00-00 00:00:00', 0, 0, 0, 0),
(57, 3, 115, 2, '2020-03-04 23:41:48', '0000-00-00 00:00:00', 0, 0, 0, 0),
(58, 3, 117, 2, '2020-03-04 23:41:48', '0000-00-00 00:00:00', 0, 0, 0, 0),
(59, 3, 118, 2, '2020-03-04 23:41:48', '0000-00-00 00:00:00', 0, 0, 0, 0),
(60, 3, 119, 2, '2020-03-04 23:41:48', '0000-00-00 00:00:00', 0, 0, 0, 0),
(61, 3, 121, 2, '2020-03-04 23:41:48', '0000-00-00 00:00:00', 0, 0, 0, 0),
(62, 3, 126, 2, '2020-03-04 23:41:48', '0000-00-00 00:00:00', 0, 0, 0, 0),
(63, 3, 129, 2, '2020-03-04 23:41:49', '0000-00-00 00:00:00', 0, 0, 0, 0),
(64, 3, 131, 2, '2020-03-04 23:41:49', '0000-00-00 00:00:00', 0, 0, 0, 0),
(65, 3, 132, 2, '2020-03-04 23:41:49', '0000-00-00 00:00:00', 0, 0, 0, 0),
(66, 3, 96, 1, '2020-03-04 23:41:49', '2020-03-04 23:42:01', 1, 0, 0, 0),
(67, 3, 92, 2, '2020-03-04 23:41:49', '0000-00-00 00:00:00', 0, 0, 0, 1),
(68, 3, 93, 2, '2020-03-04 23:41:49', '0000-00-00 00:00:00', 0, 0, 0, 0),
(69, 3, 101, 2, '2020-03-04 23:41:49', '0000-00-00 00:00:00', 0, 0, 0, 0),
(70, 3, 102, 2, '2020-03-04 23:41:49', '0000-00-00 00:00:00', 0, 0, 0, 0),
(71, 3, 105, 2, '2020-03-04 23:41:49', '0000-00-00 00:00:00', 0, 0, 0, 0),
(72, 3, 106, 2, '2020-03-04 23:41:49', '0000-00-00 00:00:00', 0, 0, 0, 0),
(73, 3, 107, 2, '2020-03-04 23:41:49', '0000-00-00 00:00:00', 0, 0, 0, 0),
(74, 3, 108, 2, '2020-03-04 23:41:49', '0000-00-00 00:00:00', 0, 0, 0, 0),
(75, 3, 109, 2, '2020-03-04 23:41:49', '0000-00-00 00:00:00', 0, 0, 0, 0),
(76, 3, 110, 2, '2020-03-04 23:41:49', '0000-00-00 00:00:00', 0, 0, 0, 0),
(77, 3, 114, 2, '2020-03-04 23:41:49', '0000-00-00 00:00:00', 0, 0, 0, 0),
(78, 3, 115, 2, '2020-03-04 23:41:49', '0000-00-00 00:00:00', 0, 0, 0, 0),
(79, 3, 117, 2, '2020-03-04 23:41:49', '0000-00-00 00:00:00', 0, 0, 0, 0),
(80, 3, 118, 2, '2020-03-04 23:41:49', '0000-00-00 00:00:00', 0, 0, 0, 0),
(81, 3, 119, 2, '2020-03-04 23:41:49', '0000-00-00 00:00:00', 0, 0, 0, 0),
(82, 3, 121, 2, '2020-03-04 23:41:49', '0000-00-00 00:00:00', 0, 0, 0, 0),
(83, 3, 126, 2, '2020-03-04 23:41:49', '0000-00-00 00:00:00', 0, 0, 0, 0),
(84, 3, 129, 2, '2020-03-04 23:41:49', '0000-00-00 00:00:00', 0, 0, 0, 0),
(85, 3, 131, 2, '2020-03-04 23:41:49', '0000-00-00 00:00:00', 0, 0, 0, 0),
(86, 3, 132, 2, '2020-03-04 23:41:49', '0000-00-00 00:00:00', 0, 0, 0, 0),
(87, 4, 95, 1, '2020-03-04 23:44:57', '0000-00-00 00:00:00', 3, 0, 0, 1),
(88, 4, 96, 1, '2020-03-04 23:44:57', '0000-00-00 00:00:00', 3, 0, 0, 0),
(89, 4, 92, 2, '2020-03-04 23:42:25', '0000-00-00 00:00:00', 0, 1, 0, 1),
(90, 4, 93, 2, '2020-03-04 23:42:25', '0000-00-00 00:00:00', 0, 0, 0, 0),
(91, 4, 101, 2, '2020-03-04 23:42:25', '0000-00-00 00:00:00', 0, 0, 0, 0),
(92, 4, 102, 2, '2020-03-04 23:42:25', '0000-00-00 00:00:00', 0, 0, 0, 0),
(93, 4, 105, 2, '2020-03-04 23:42:25', '0000-00-00 00:00:00', 0, 0, 0, 0),
(94, 4, 106, 2, '2020-03-04 23:42:25', '0000-00-00 00:00:00', 0, 0, 0, 0),
(95, 4, 107, 2, '2020-03-04 23:42:25', '0000-00-00 00:00:00', 0, 0, 0, 0),
(96, 4, 108, 2, '2020-03-04 23:42:25', '0000-00-00 00:00:00', 0, 0, 0, 0),
(97, 4, 109, 2, '2020-03-04 23:42:25', '0000-00-00 00:00:00', 0, 0, 0, 0),
(98, 4, 110, 2, '2020-03-04 23:42:25', '0000-00-00 00:00:00', 0, 0, 0, 0),
(99, 4, 114, 2, '2020-03-04 23:42:25', '0000-00-00 00:00:00', 0, 0, 0, 0),
(100, 4, 115, 2, '2020-03-04 23:42:25', '0000-00-00 00:00:00', 0, 0, 0, 0),
(101, 4, 117, 2, '2020-03-04 23:42:25', '0000-00-00 00:00:00', 0, 0, 0, 0),
(102, 4, 118, 2, '2020-03-04 23:42:25', '0000-00-00 00:00:00', 0, 0, 0, 0),
(103, 4, 119, 2, '2020-03-04 23:42:25', '0000-00-00 00:00:00', 0, 0, 0, 0),
(104, 4, 121, 2, '2020-03-04 23:42:25', '0000-00-00 00:00:00', 0, 0, 0, 0),
(105, 4, 126, 2, '2020-03-04 23:42:25', '0000-00-00 00:00:00', 0, 0, 0, 0),
(106, 4, 129, 2, '2020-03-04 23:42:25', '0000-00-00 00:00:00', 0, 0, 0, 0),
(107, 4, 131, 2, '2020-03-04 23:42:25', '0000-00-00 00:00:00', 0, 0, 0, 0),
(108, 4, 132, 2, '2020-03-04 23:42:25', '0000-00-00 00:00:00', 0, 0, 0, 0),
(110, 5, 92, 2, '2020-03-04 23:45:09', '0000-00-00 00:00:00', 0, 1, 0, 1),
(111, 5, 93, 2, '2020-03-04 23:45:09', '0000-00-00 00:00:00', 0, 0, 0, 0),
(112, 5, 101, 2, '2020-03-04 23:45:09', '0000-00-00 00:00:00', 0, 0, 0, 0),
(113, 5, 102, 2, '2020-03-04 23:45:09', '0000-00-00 00:00:00', 0, 0, 0, 0),
(114, 5, 105, 2, '2020-03-04 23:45:09', '0000-00-00 00:00:00', 0, 0, 0, 0),
(115, 5, 106, 2, '2020-03-04 23:45:09', '0000-00-00 00:00:00', 0, 0, 0, 0),
(116, 5, 107, 2, '2020-03-04 23:45:09', '0000-00-00 00:00:00', 0, 0, 0, 0),
(117, 5, 108, 2, '2020-03-04 23:45:09', '0000-00-00 00:00:00', 0, 0, 0, 0),
(118, 5, 109, 2, '2020-03-04 23:45:09', '0000-00-00 00:00:00', 0, 0, 0, 0),
(119, 5, 110, 2, '2020-03-04 23:45:09', '0000-00-00 00:00:00', 0, 0, 0, 0),
(120, 5, 114, 2, '2020-03-04 23:45:09', '0000-00-00 00:00:00', 0, 0, 0, 0),
(121, 5, 115, 2, '2020-03-04 23:45:09', '0000-00-00 00:00:00', 0, 0, 0, 0),
(122, 5, 117, 2, '2020-03-04 23:45:09', '0000-00-00 00:00:00', 0, 0, 0, 0),
(123, 5, 118, 2, '2020-03-04 23:45:09', '0000-00-00 00:00:00', 0, 0, 0, 0),
(124, 5, 119, 2, '2020-03-04 23:45:09', '0000-00-00 00:00:00', 0, 0, 0, 0),
(125, 5, 121, 2, '2020-03-04 23:45:09', '0000-00-00 00:00:00', 0, 0, 0, 0),
(126, 5, 126, 2, '2020-03-04 23:45:09', '0000-00-00 00:00:00', 0, 0, 0, 0),
(127, 5, 129, 2, '2020-03-04 23:45:09', '0000-00-00 00:00:00', 0, 0, 0, 0),
(128, 5, 131, 2, '2020-03-04 23:45:09', '0000-00-00 00:00:00', 0, 0, 0, 0),
(129, 5, 132, 2, '2020-03-04 23:45:09', '0000-00-00 00:00:00', 0, 0, 0, 0),
(130, 5, 96, 1, '2020-03-04 23:45:09', '2020-03-04 23:45:20', 1, 0, 0, 0),
(131, 5, 92, 2, '2020-03-04 23:45:09', '0000-00-00 00:00:00', 0, 0, 0, 1),
(132, 5, 93, 2, '2020-03-04 23:45:09', '0000-00-00 00:00:00', 0, 0, 0, 0),
(133, 5, 101, 2, '2020-03-04 23:45:09', '0000-00-00 00:00:00', 0, 0, 0, 0),
(134, 5, 102, 2, '2020-03-04 23:45:09', '0000-00-00 00:00:00', 0, 0, 0, 0),
(135, 5, 105, 2, '2020-03-04 23:45:09', '0000-00-00 00:00:00', 0, 0, 0, 0),
(136, 5, 106, 2, '2020-03-04 23:45:09', '0000-00-00 00:00:00', 0, 0, 0, 0),
(137, 5, 107, 2, '2020-03-04 23:45:09', '0000-00-00 00:00:00', 0, 0, 0, 0),
(138, 5, 108, 2, '2020-03-04 23:45:09', '0000-00-00 00:00:00', 0, 0, 0, 0),
(139, 5, 109, 2, '2020-03-04 23:45:09', '0000-00-00 00:00:00', 0, 0, 0, 0),
(140, 5, 110, 2, '2020-03-04 23:45:09', '0000-00-00 00:00:00', 0, 0, 0, 0),
(141, 5, 114, 2, '2020-03-04 23:45:09', '0000-00-00 00:00:00', 0, 0, 0, 0),
(142, 5, 115, 2, '2020-03-04 23:45:09', '0000-00-00 00:00:00', 0, 0, 0, 0),
(143, 5, 117, 2, '2020-03-04 23:45:09', '0000-00-00 00:00:00', 0, 0, 0, 0),
(144, 5, 118, 2, '2020-03-04 23:45:09', '0000-00-00 00:00:00', 0, 0, 0, 0),
(145, 5, 119, 2, '2020-03-04 23:45:09', '0000-00-00 00:00:00', 0, 0, 0, 0),
(146, 5, 121, 2, '2020-03-04 23:45:09', '0000-00-00 00:00:00', 0, 0, 0, 0),
(147, 5, 126, 2, '2020-03-04 23:45:09', '0000-00-00 00:00:00', 0, 0, 0, 0),
(148, 5, 129, 2, '2020-03-04 23:45:09', '0000-00-00 00:00:00', 0, 0, 0, 0),
(149, 5, 131, 2, '2020-03-04 23:45:09', '0000-00-00 00:00:00', 0, 0, 0, 0),
(150, 5, 132, 2, '2020-03-04 23:45:09', '0000-00-00 00:00:00', 0, 0, 0, 0),
(151, 6, 95, 1, '0000-00-00 00:00:00', '0000-00-00 00:00:00', 0, 0, 0, 1),
(152, 6, 96, 1, '0000-00-00 00:00:00', '0000-00-00 00:00:00', 0, 0, 0, 0),
(153, 6, 92, 2, '2020-03-04 23:47:30', '0000-00-00 00:00:00', 0, 1, 0, 1),
(154, 6, 93, 2, '2020-03-04 23:47:30', '0000-00-00 00:00:00', 0, 0, 0, 0),
(155, 6, 101, 2, '2020-03-04 23:47:30', '0000-00-00 00:00:00', 0, 0, 0, 0),
(156, 6, 102, 2, '2020-03-04 23:47:30', '0000-00-00 00:00:00', 0, 0, 0, 0),
(157, 6, 105, 2, '2020-03-04 23:47:30', '0000-00-00 00:00:00', 0, 0, 0, 0),
(158, 6, 106, 2, '2020-03-04 23:47:30', '0000-00-00 00:00:00', 0, 0, 0, 0),
(159, 6, 107, 2, '2020-03-04 23:47:30', '0000-00-00 00:00:00', 0, 0, 0, 0),
(160, 6, 108, 2, '2020-03-04 23:47:30', '0000-00-00 00:00:00', 0, 0, 0, 0),
(161, 6, 109, 2, '2020-03-04 23:47:30', '0000-00-00 00:00:00', 0, 0, 0, 0),
(162, 6, 110, 2, '2020-03-04 23:47:30', '0000-00-00 00:00:00', 0, 0, 0, 0),
(163, 6, 114, 2, '2020-03-04 23:47:30', '0000-00-00 00:00:00', 0, 0, 0, 0),
(164, 6, 115, 2, '2020-03-04 23:47:30', '0000-00-00 00:00:00', 0, 0, 0, 0),
(165, 6, 117, 2, '2020-03-04 23:47:30', '0000-00-00 00:00:00', 0, 0, 0, 0),
(166, 6, 118, 2, '2020-03-04 23:47:30', '0000-00-00 00:00:00', 0, 0, 0, 0),
(167, 6, 119, 2, '2020-03-04 23:47:30', '0000-00-00 00:00:00', 0, 0, 0, 0),
(168, 6, 121, 2, '2020-03-04 23:47:30', '0000-00-00 00:00:00', 0, 0, 0, 0),
(169, 6, 126, 2, '2020-03-04 23:47:30', '0000-00-00 00:00:00', 0, 0, 0, 0),
(170, 6, 129, 2, '2020-03-04 23:47:30', '0000-00-00 00:00:00', 0, 0, 0, 0),
(171, 6, 131, 2, '2020-03-04 23:47:30', '0000-00-00 00:00:00', 0, 0, 0, 0),
(172, 6, 132, 2, '2020-03-04 23:47:30', '0000-00-00 00:00:00', 0, 0, 0, 0),
(174, 7, 96, 1, '2020-03-04 23:49:32', '0000-00-00 00:00:00', 3, 0, 0, 0),
(175, 7, 92, 2, '2020-03-04 23:49:18', '0000-00-00 00:00:00', 0, 1, 0, 1),
(176, 7, 93, 2, '2020-03-04 23:49:18', '0000-00-00 00:00:00', 0, 0, 0, 0),
(177, 7, 101, 2, '2020-03-04 23:49:19', '0000-00-00 00:00:00', 0, 0, 0, 0),
(178, 7, 102, 2, '2020-03-04 23:49:19', '0000-00-00 00:00:00', 0, 0, 0, 0),
(179, 7, 105, 2, '2020-03-04 23:49:19', '0000-00-00 00:00:00', 0, 0, 0, 0),
(180, 7, 106, 2, '2020-03-04 23:49:19', '0000-00-00 00:00:00', 0, 0, 0, 0),
(181, 7, 107, 2, '2020-03-04 23:49:19', '0000-00-00 00:00:00', 0, 0, 0, 0),
(182, 7, 108, 2, '2020-03-04 23:49:19', '0000-00-00 00:00:00', 0, 0, 0, 0),
(183, 7, 109, 2, '2020-03-04 23:49:19', '0000-00-00 00:00:00', 0, 0, 0, 0),
(184, 7, 110, 2, '2020-03-04 23:49:19', '0000-00-00 00:00:00', 0, 0, 0, 0),
(185, 7, 114, 2, '2020-03-04 23:49:19', '0000-00-00 00:00:00', 0, 0, 0, 0),
(186, 7, 115, 2, '2020-03-04 23:49:19', '0000-00-00 00:00:00', 0, 0, 0, 0),
(187, 7, 117, 2, '2020-03-04 23:49:19', '0000-00-00 00:00:00', 0, 0, 0, 0),
(188, 7, 118, 2, '2020-03-04 23:49:19', '0000-00-00 00:00:00', 0, 0, 0, 0),
(189, 7, 119, 2, '2020-03-04 23:49:19', '0000-00-00 00:00:00', 0, 0, 0, 0),
(190, 7, 121, 2, '2020-03-04 23:49:19', '0000-00-00 00:00:00', 0, 0, 0, 0),
(191, 7, 126, 2, '2020-03-04 23:49:19', '0000-00-00 00:00:00', 0, 0, 0, 0),
(192, 7, 129, 2, '2020-03-04 23:49:19', '0000-00-00 00:00:00', 0, 0, 0, 0),
(193, 7, 131, 2, '2020-03-04 23:49:19', '0000-00-00 00:00:00', 0, 0, 0, 0),
(194, 7, 132, 2, '2020-03-04 23:49:19', '0000-00-00 00:00:00', 0, 0, 0, 0),
(195, 8, 95, 1, '2020-03-04 23:49:41', '0000-00-00 00:00:00', 0, 0, 0, 1),
(196, 8, 92, 2, '2020-03-04 23:49:41', '0000-00-00 00:00:00', 0, 1, 0, 1),
(197, 8, 93, 2, '2020-03-04 23:49:41', '0000-00-00 00:00:00', 0, 0, 0, 0),
(198, 8, 101, 2, '2020-03-04 23:49:41', '0000-00-00 00:00:00', 0, 0, 0, 0),
(199, 8, 102, 2, '2020-03-04 23:49:41', '0000-00-00 00:00:00', 0, 0, 0, 0),
(200, 8, 105, 2, '2020-03-04 23:49:41', '0000-00-00 00:00:00', 0, 0, 0, 0),
(201, 8, 106, 2, '2020-03-04 23:49:41', '0000-00-00 00:00:00', 0, 0, 0, 0),
(202, 8, 107, 2, '2020-03-04 23:49:41', '0000-00-00 00:00:00', 0, 0, 0, 0),
(203, 8, 108, 2, '2020-03-04 23:49:41', '0000-00-00 00:00:00', 0, 0, 0, 0),
(204, 8, 109, 2, '2020-03-04 23:49:41', '0000-00-00 00:00:00', 0, 0, 0, 0),
(205, 8, 110, 2, '2020-03-04 23:49:41', '0000-00-00 00:00:00', 0, 0, 0, 0),
(206, 8, 114, 2, '2020-03-04 23:49:41', '0000-00-00 00:00:00', 0, 0, 0, 0),
(207, 8, 115, 2, '2020-03-04 23:49:41', '0000-00-00 00:00:00', 0, 0, 0, 0),
(208, 8, 117, 2, '2020-03-04 23:49:41', '0000-00-00 00:00:00', 0, 0, 0, 0),
(209, 8, 118, 2, '2020-03-04 23:49:41', '0000-00-00 00:00:00', 0, 0, 0, 0),
(210, 8, 119, 2, '2020-03-04 23:49:41', '0000-00-00 00:00:00', 0, 0, 0, 0),
(211, 8, 121, 2, '2020-03-04 23:49:41', '0000-00-00 00:00:00', 0, 0, 0, 0),
(212, 8, 126, 2, '2020-03-04 23:49:41', '0000-00-00 00:00:00', 0, 0, 0, 0),
(213, 8, 129, 2, '2020-03-04 23:49:41', '0000-00-00 00:00:00', 0, 0, 0, 0),
(214, 8, 131, 2, '2020-03-04 23:49:41', '0000-00-00 00:00:00', 0, 0, 0, 0),
(215, 8, 132, 2, '2020-03-04 23:49:41', '0000-00-00 00:00:00', 0, 0, 0, 0),
(216, 8, 96, 1, '2020-03-04 23:49:41', '0000-00-00 00:00:00', 0, 0, 0, 0),
(217, 8, 92, 2, '2020-03-04 23:49:41', '0000-00-00 00:00:00', 0, 0, 0, 1),
(218, 8, 93, 2, '2020-03-04 23:49:42', '0000-00-00 00:00:00', 0, 0, 0, 0),
(219, 8, 101, 2, '2020-03-04 23:49:42', '0000-00-00 00:00:00', 0, 0, 0, 0),
(220, 8, 102, 2, '2020-03-04 23:49:42', '0000-00-00 00:00:00', 0, 0, 0, 0),
(221, 8, 105, 2, '2020-03-04 23:49:42', '0000-00-00 00:00:00', 0, 0, 0, 0),
(222, 8, 106, 2, '2020-03-04 23:49:42', '0000-00-00 00:00:00', 0, 0, 0, 0),
(223, 8, 107, 2, '2020-03-04 23:49:42', '0000-00-00 00:00:00', 0, 0, 0, 0),
(224, 8, 108, 2, '2020-03-04 23:49:42', '0000-00-00 00:00:00', 0, 0, 0, 0),
(225, 8, 109, 2, '2020-03-04 23:49:42', '0000-00-00 00:00:00', 0, 0, 0, 0),
(226, 8, 110, 2, '2020-03-04 23:49:42', '0000-00-00 00:00:00', 0, 0, 0, 0),
(227, 8, 114, 2, '2020-03-04 23:49:42', '0000-00-00 00:00:00', 0, 0, 0, 0),
(228, 8, 115, 2, '2020-03-04 23:49:42', '0000-00-00 00:00:00', 0, 0, 0, 0),
(229, 8, 117, 2, '2020-03-04 23:49:42', '0000-00-00 00:00:00', 0, 0, 0, 0),
(230, 8, 118, 2, '2020-03-04 23:49:42', '0000-00-00 00:00:00', 0, 0, 0, 0),
(231, 8, 119, 2, '2020-03-04 23:49:42', '0000-00-00 00:00:00', 0, 0, 0, 0),
(232, 8, 121, 2, '2020-03-04 23:49:42', '0000-00-00 00:00:00', 0, 0, 0, 0),
(233, 8, 126, 2, '2020-03-04 23:49:42', '0000-00-00 00:00:00', 0, 0, 0, 0),
(234, 8, 129, 2, '2020-03-04 23:49:42', '0000-00-00 00:00:00', 0, 0, 0, 0),
(235, 8, 131, 2, '2020-03-04 23:49:42', '0000-00-00 00:00:00', 0, 0, 0, 0),
(236, 8, 132, 2, '2020-03-04 23:49:42', '0000-00-00 00:00:00', 0, 0, 0, 0),
(238, 9, 96, 1, '2020-03-04 23:50:07', '0000-00-00 00:00:00', 1, 0, 0, 0),
(240, 10, 96, 1, '0000-00-00 00:00:00', '2020-03-05 00:00:58', 1, 0, 0, 0),
(241, 11, 96, 1, '0000-00-00 00:00:00', '0000-00-00 00:00:00', 0, 0, 0, 0),
(242, 11, 95, 1, '0000-00-00 00:00:00', '0000-00-00 00:00:00', 0, 0, 0, 1),
(243, 11, 92, 2, '2020-03-05 00:04:02', '0000-00-00 00:00:00', 0, 1, 0, 1),
(244, 11, 93, 2, '2020-03-05 00:04:02', '0000-00-00 00:00:00', 0, 0, 0, 0),
(245, 11, 101, 2, '2020-03-05 00:04:02', '0000-00-00 00:00:00', 0, 0, 0, 0),
(246, 11, 102, 2, '2020-03-05 00:04:02', '0000-00-00 00:00:00', 0, 0, 0, 0),
(247, 11, 105, 2, '2020-03-05 00:04:02', '0000-00-00 00:00:00', 0, 0, 0, 0),
(248, 11, 106, 2, '2020-03-05 00:04:02', '0000-00-00 00:00:00', 0, 0, 0, 0),
(249, 11, 107, 2, '2020-03-05 00:04:02', '0000-00-00 00:00:00', 0, 0, 0, 0),
(250, 11, 108, 2, '2020-03-05 00:04:02', '0000-00-00 00:00:00', 0, 0, 0, 0),
(251, 11, 109, 2, '2020-03-05 00:04:02', '0000-00-00 00:00:00', 0, 0, 0, 0),
(252, 11, 110, 2, '2020-03-05 00:04:02', '0000-00-00 00:00:00', 0, 0, 0, 0),
(253, 11, 114, 2, '2020-03-05 00:04:02', '0000-00-00 00:00:00', 0, 0, 0, 0),
(254, 11, 115, 2, '2020-03-05 00:04:02', '0000-00-00 00:00:00', 0, 0, 0, 0),
(255, 11, 117, 2, '2020-03-05 00:04:02', '0000-00-00 00:00:00', 0, 0, 0, 0),
(256, 11, 118, 2, '2020-03-05 00:04:02', '0000-00-00 00:00:00', 0, 0, 0, 0),
(257, 11, 119, 2, '2020-03-05 00:04:02', '0000-00-00 00:00:00', 0, 0, 0, 0),
(258, 11, 121, 2, '2020-03-05 00:04:02', '0000-00-00 00:00:00', 0, 0, 0, 0),
(259, 11, 126, 2, '2020-03-05 00:04:02', '0000-00-00 00:00:00', 0, 0, 0, 0),
(260, 11, 129, 2, '2020-03-05 00:04:02', '0000-00-00 00:00:00', 0, 0, 0, 0),
(261, 11, 131, 2, '2020-03-05 00:04:02', '0000-00-00 00:00:00', 0, 0, 0, 0),
(262, 11, 132, 2, '2020-03-05 00:04:02', '0000-00-00 00:00:00', 0, 0, 0, 0),
(263, 12, 96, 1, '0000-00-00 00:00:00', '0000-00-00 00:00:00', 0, 0, 0, 0),
(264, 12, 95, 1, '0000-00-00 00:00:00', '0000-00-00 00:00:00', 0, 0, 0, 1),
(265, 12, 92, 2, '2020-03-05 00:21:21', '0000-00-00 00:00:00', 0, 1, 0, 1),
(266, 12, 93, 2, '2020-03-05 00:21:21', '0000-00-00 00:00:00', 0, 0, 0, 0),
(267, 12, 101, 2, '2020-03-05 00:21:21', '0000-00-00 00:00:00', 0, 0, 0, 0),
(268, 12, 102, 2, '2020-03-05 00:21:21', '0000-00-00 00:00:00', 0, 0, 0, 0),
(269, 12, 105, 2, '2020-03-05 00:21:21', '0000-00-00 00:00:00', 0, 0, 0, 0),
(270, 12, 106, 2, '2020-03-05 00:21:21', '0000-00-00 00:00:00', 0, 0, 0, 0),
(271, 12, 107, 2, '2020-03-05 00:21:21', '0000-00-00 00:00:00', 0, 0, 0, 0),
(272, 12, 108, 2, '2020-03-05 00:21:21', '0000-00-00 00:00:00', 0, 0, 0, 0),
(273, 12, 109, 2, '2020-03-05 00:21:21', '0000-00-00 00:00:00', 0, 0, 0, 0),
(274, 12, 110, 2, '2020-03-05 00:21:21', '0000-00-00 00:00:00', 0, 0, 0, 0),
(275, 12, 114, 2, '2020-03-05 00:21:21', '0000-00-00 00:00:00', 0, 0, 0, 0),
(276, 12, 115, 2, '2020-03-05 00:21:21', '0000-00-00 00:00:00', 0, 0, 0, 0),
(277, 12, 117, 2, '2020-03-05 00:21:21', '0000-00-00 00:00:00', 0, 0, 0, 0),
(278, 12, 118, 2, '2020-03-05 00:21:21', '0000-00-00 00:00:00', 0, 0, 0, 0),
(279, 12, 119, 2, '2020-03-05 00:21:21', '0000-00-00 00:00:00', 0, 0, 0, 0),
(280, 12, 121, 2, '2020-03-05 00:21:21', '0000-00-00 00:00:00', 0, 0, 0, 0),
(281, 12, 126, 2, '2020-03-05 00:21:21', '0000-00-00 00:00:00', 0, 0, 0, 0),
(282, 12, 129, 2, '2020-03-05 00:21:21', '0000-00-00 00:00:00', 0, 0, 0, 0),
(283, 12, 131, 2, '2020-03-05 00:21:21', '0000-00-00 00:00:00', 0, 0, 0, 0),
(284, 12, 132, 2, '2020-03-05 00:21:21', '0000-00-00 00:00:00', 0, 0, 0, 0),
(285, 13, 95, 1, '0000-00-00 00:00:00', '0000-00-00 00:00:00', 0, 0, 0, 1),
(286, 13, 92, 2, '2020-03-06 11:25:58', '0000-00-00 00:00:00', 0, 0, 0, 0),
(287, 13, 93, 2, '2020-03-06 11:25:58', '0000-00-00 00:00:00', 0, 1, 0, 1),
(288, 13, 101, 2, '2020-03-06 11:25:58', '0000-00-00 00:00:00', 0, 0, 0, 0),
(289, 13, 102, 2, '2020-03-06 11:25:58', '0000-00-00 00:00:00', 0, 0, 0, 0),
(290, 13, 105, 2, '2020-03-06 11:25:58', '0000-00-00 00:00:00', 0, 0, 0, 0),
(291, 13, 106, 2, '2020-03-06 11:25:58', '0000-00-00 00:00:00', 0, 0, 0, 0),
(292, 13, 107, 2, '2020-03-06 11:25:58', '0000-00-00 00:00:00', 0, 0, 0, 0),
(293, 13, 108, 2, '2020-03-06 11:25:58', '0000-00-00 00:00:00', 0, 0, 0, 0),
(294, 13, 109, 2, '2020-03-06 11:25:58', '0000-00-00 00:00:00', 0, 0, 0, 0),
(295, 13, 110, 2, '2020-03-06 11:25:58', '0000-00-00 00:00:00', 0, 0, 0, 0),
(296, 13, 114, 2, '2020-03-06 11:25:58', '0000-00-00 00:00:00', 0, 0, 0, 0),
(297, 13, 115, 2, '2020-03-06 11:25:58', '0000-00-00 00:00:00', 0, 0, 0, 0),
(298, 13, 117, 2, '2020-03-06 11:25:58', '0000-00-00 00:00:00', 0, 0, 0, 0),
(299, 13, 118, 2, '2020-03-06 11:25:58', '0000-00-00 00:00:00', 0, 0, 0, 0),
(300, 13, 119, 2, '2020-03-06 11:25:58', '0000-00-00 00:00:00', 0, 0, 0, 0),
(301, 13, 121, 2, '2020-03-06 11:25:58', '0000-00-00 00:00:00', 0, 0, 0, 0),
(302, 13, 126, 2, '2020-03-06 11:25:58', '0000-00-00 00:00:00', 0, 0, 0, 0),
(303, 13, 129, 2, '2020-03-06 11:25:58', '0000-00-00 00:00:00', 0, 0, 0, 0),
(304, 13, 131, 2, '2020-03-06 11:25:58', '0000-00-00 00:00:00', 0, 0, 0, 0),
(305, 13, 132, 2, '2020-03-06 11:25:58', '0000-00-00 00:00:00', 0, 0, 0, 0),
(306, 14, 95, 1, '0000-00-00 00:00:00', '0000-00-00 00:00:00', 0, 0, 0, 1),
(307, 14, 92, 2, '2020-03-06 11:26:22', '0000-00-00 00:00:00', 0, 0, 0, 0),
(308, 14, 93, 2, '2020-03-06 11:26:22', '0000-00-00 00:00:00', 0, 0, 0, 0),
(309, 14, 101, 2, '2020-03-06 11:26:22', '0000-00-00 00:00:00', 0, 0, 0, 0),
(310, 14, 102, 2, '2020-03-06 11:26:22', '0000-00-00 00:00:00', 0, 0, 0, 0),
(311, 14, 105, 2, '2020-03-06 11:26:22', '0000-00-00 00:00:00', 0, 0, 0, 0),
(312, 14, 106, 2, '2020-03-06 11:26:22', '0000-00-00 00:00:00', 0, 0, 0, 0),
(313, 14, 107, 2, '2020-03-06 11:26:22', '0000-00-00 00:00:00', 0, 0, 0, 0),
(314, 14, 108, 2, '2020-03-06 11:26:22', '0000-00-00 00:00:00', 0, 0, 0, 0),
(315, 14, 109, 2, '2020-03-06 11:26:22', '0000-00-00 00:00:00', 0, 0, 0, 0),
(316, 14, 110, 2, '2020-03-06 11:26:22', '0000-00-00 00:00:00', 0, 0, 0, 0),
(317, 14, 114, 2, '2020-03-06 11:26:22', '0000-00-00 00:00:00', 0, 0, 0, 0),
(318, 14, 115, 2, '2020-03-06 11:26:22', '0000-00-00 00:00:00', 0, 0, 0, 0),
(319, 14, 117, 2, '2020-03-06 11:26:22', '0000-00-00 00:00:00', 0, 0, 0, 0),
(320, 14, 118, 2, '2020-03-06 11:26:22', '0000-00-00 00:00:00', 0, 0, 0, 0),
(321, 14, 119, 2, '2020-03-06 11:26:22', '0000-00-00 00:00:00', 0, 0, 0, 0),
(322, 14, 121, 2, '2020-03-06 11:26:22', '0000-00-00 00:00:00', 0, 0, 0, 0),
(323, 14, 126, 2, '2020-03-06 11:26:22', '0000-00-00 00:00:00', 0, 0, 0, 0),
(324, 14, 129, 2, '2020-03-06 11:26:22', '0000-00-00 00:00:00', 0, 0, 0, 0),
(325, 14, 131, 2, '2020-03-06 11:26:22', '0000-00-00 00:00:00', 0, 0, 0, 0),
(326, 14, 132, 2, '2020-03-06 11:26:22', '0000-00-00 00:00:00', 0, 0, 0, 0),
(327, 15, 95, 1, '0000-00-00 00:00:00', '0000-00-00 00:00:00', 0, 0, 0, 1),
(328, 15, 92, 2, '2020-03-06 11:26:56', '0000-00-00 00:00:00', 0, 0, 0, 0),
(329, 15, 93, 2, '2020-03-06 11:26:56', '0000-00-00 00:00:00', 0, 0, 0, 0),
(330, 15, 101, 2, '2020-03-06 11:26:56', '0000-00-00 00:00:00', 0, 0, 0, 0),
(331, 15, 102, 2, '2020-03-06 11:26:56', '0000-00-00 00:00:00', 0, 0, 0, 0),
(332, 15, 105, 2, '2020-03-06 11:26:56', '0000-00-00 00:00:00', 0, 0, 0, 0),
(333, 15, 106, 2, '2020-03-06 11:26:56', '0000-00-00 00:00:00', 0, 0, 0, 0),
(334, 15, 107, 2, '2020-03-06 11:26:56', '0000-00-00 00:00:00', 0, 0, 0, 0),
(335, 15, 108, 2, '2020-03-06 11:26:56', '0000-00-00 00:00:00', 0, 0, 0, 0),
(336, 15, 109, 2, '2020-03-06 11:26:56', '0000-00-00 00:00:00', 0, 0, 0, 0),
(337, 15, 110, 2, '2020-03-06 11:26:56', '0000-00-00 00:00:00', 0, 0, 0, 0),
(338, 15, 114, 2, '2020-03-06 11:26:56', '0000-00-00 00:00:00', 0, 0, 0, 0),
(339, 15, 115, 2, '2020-03-06 11:26:56', '0000-00-00 00:00:00', 0, 0, 0, 0),
(340, 15, 117, 2, '2020-03-06 11:26:56', '0000-00-00 00:00:00', 0, 0, 0, 0),
(341, 15, 118, 2, '2020-03-06 11:26:56', '0000-00-00 00:00:00', 0, 0, 0, 0),
(342, 15, 119, 2, '2020-03-06 11:26:56', '0000-00-00 00:00:00', 0, 0, 0, 0),
(343, 15, 121, 2, '2020-03-06 11:26:56', '0000-00-00 00:00:00', 0, 0, 0, 0),
(344, 15, 126, 2, '2020-03-06 11:26:56', '0000-00-00 00:00:00', 0, 0, 0, 0),
(345, 15, 129, 2, '2020-03-06 11:26:56', '0000-00-00 00:00:00', 0, 0, 0, 0),
(346, 15, 131, 2, '2020-03-06 11:26:56', '0000-00-00 00:00:00', 0, 0, 0, 0),
(347, 15, 132, 2, '2020-03-06 11:26:56', '0000-00-00 00:00:00', 0, 0, 0, 0),
(348, 16, 1, 3, '2020-03-06 17:21:50', '0000-00-00 00:00:00', 0, 1, 1, 1),
(349, 16, 122, 3, '2020-03-06 17:21:50', '0000-00-00 00:00:00', 0, 0, 0, 0),
(350, 16, 123, 3, '2020-03-06 17:21:50', '0000-00-00 00:00:00', 0, 0, 0, 0),
(351, 16, 127, 3, '2020-03-06 17:21:50', '0000-00-00 00:00:00', 0, 0, 0, 0),
(352, 16, 128, 3, '2020-03-06 17:21:50', '0000-00-00 00:00:00', 0, 0, 0, 0),
(353, 17, 95, 1, '0000-00-00 00:00:00', '0000-00-00 00:00:00', 0, 0, 0, 1),
(354, 17, 92, 2, '2020-03-06 19:56:30', '0000-00-00 00:00:00', 0, 1, 0, 1),
(355, 17, 93, 2, '2020-03-06 19:56:30', '0000-00-00 00:00:00', 0, 0, 0, 0),
(356, 17, 101, 2, '2020-03-06 19:56:30', '0000-00-00 00:00:00', 0, 0, 0, 0),
(357, 17, 102, 2, '2020-03-06 19:56:30', '0000-00-00 00:00:00', 0, 0, 0, 0),
(358, 17, 105, 2, '2020-03-06 19:56:30', '0000-00-00 00:00:00', 0, 0, 0, 0),
(359, 17, 106, 2, '2020-03-06 19:56:30', '0000-00-00 00:00:00', 0, 0, 0, 0),
(360, 17, 107, 2, '2020-03-06 19:56:30', '0000-00-00 00:00:00', 0, 0, 0, 0),
(361, 17, 108, 2, '2020-03-06 19:56:30', '0000-00-00 00:00:00', 0, 0, 0, 0),
(362, 17, 109, 2, '2020-03-06 19:56:30', '0000-00-00 00:00:00', 0, 0, 0, 0),
(363, 17, 110, 2, '2020-03-06 19:56:30', '0000-00-00 00:00:00', 0, 0, 0, 0),
(364, 17, 114, 2, '2020-03-06 19:56:30', '0000-00-00 00:00:00', 0, 0, 0, 0),
(365, 17, 115, 2, '2020-03-06 19:56:30', '0000-00-00 00:00:00', 0, 0, 0, 0),
(366, 17, 117, 2, '2020-03-06 19:56:30', '0000-00-00 00:00:00', 0, 0, 0, 0),
(367, 17, 118, 2, '2020-03-06 19:56:30', '0000-00-00 00:00:00', 0, 0, 0, 0),
(368, 17, 119, 2, '2020-03-06 19:56:30', '0000-00-00 00:00:00', 0, 0, 0, 0),
(369, 17, 121, 2, '2020-03-06 19:56:30', '0000-00-00 00:00:00', 0, 0, 0, 0),
(370, 17, 126, 2, '2020-03-06 19:56:30', '0000-00-00 00:00:00', 0, 0, 0, 0),
(371, 17, 129, 2, '2020-03-06 19:56:30', '0000-00-00 00:00:00', 0, 0, 0, 0),
(372, 17, 131, 2, '2020-03-06 19:56:30', '0000-00-00 00:00:00', 0, 0, 0, 0),
(373, 17, 132, 2, '2020-03-06 19:56:30', '0000-00-00 00:00:00', 0, 0, 0, 0),
(374, 18, 95, 1, '2020-03-06 20:01:55', '0000-00-00 00:00:00', 3, 0, 0, 1),
(375, 18, 92, 2, '2020-03-06 19:59:24', '0000-00-00 00:00:00', 0, 1, 0, 1),
(376, 18, 93, 2, '2020-03-06 19:59:24', '0000-00-00 00:00:00', 0, 0, 0, 0),
(377, 18, 101, 2, '2020-03-06 19:59:24', '0000-00-00 00:00:00', 0, 0, 0, 0),
(378, 18, 102, 2, '2020-03-06 19:59:24', '0000-00-00 00:00:00', 0, 0, 0, 0),
(379, 18, 105, 2, '2020-03-06 19:59:24', '0000-00-00 00:00:00', 0, 0, 0, 0),
(380, 18, 106, 2, '2020-03-06 19:59:24', '0000-00-00 00:00:00', 0, 0, 0, 0),
(381, 18, 107, 2, '2020-03-06 19:59:24', '0000-00-00 00:00:00', 0, 0, 0, 0),
(382, 18, 108, 2, '2020-03-06 19:59:24', '0000-00-00 00:00:00', 0, 0, 0, 0),
(383, 18, 109, 2, '2020-03-06 19:59:24', '0000-00-00 00:00:00', 0, 0, 0, 0),
(384, 18, 110, 2, '2020-03-06 19:59:24', '0000-00-00 00:00:00', 0, 0, 0, 0),
(385, 18, 114, 2, '2020-03-06 19:59:24', '0000-00-00 00:00:00', 0, 0, 0, 0),
(386, 18, 115, 2, '2020-03-06 19:59:24', '0000-00-00 00:00:00', 0, 0, 0, 0),
(387, 18, 117, 2, '2020-03-06 19:59:24', '0000-00-00 00:00:00', 0, 0, 0, 0),
(388, 18, 118, 2, '2020-03-06 19:59:24', '0000-00-00 00:00:00', 0, 0, 0, 0),
(389, 18, 119, 2, '2020-03-06 19:59:24', '0000-00-00 00:00:00', 0, 0, 0, 0),
(390, 18, 121, 2, '2020-03-06 19:59:24', '0000-00-00 00:00:00', 0, 0, 0, 0),
(391, 18, 126, 2, '2020-03-06 19:59:24', '0000-00-00 00:00:00', 0, 0, 0, 0),
(392, 18, 129, 2, '2020-03-06 19:59:24', '0000-00-00 00:00:00', 0, 0, 0, 0),
(393, 18, 131, 2, '2020-03-06 19:59:24', '0000-00-00 00:00:00', 0, 0, 0, 0),
(394, 18, 132, 2, '2020-03-06 19:59:24', '0000-00-00 00:00:00', 0, 0, 0, 0),
(395, 19, 1, 3, '2020-03-06 20:01:02', '0000-00-00 00:00:00', 0, 1, 1, 1),
(396, 19, 122, 3, '2020-03-06 20:01:02', '0000-00-00 00:00:00', 0, 0, 0, 0),
(397, 19, 123, 3, '2020-03-06 20:01:02', '0000-00-00 00:00:00', 0, 0, 0, 0),
(398, 19, 127, 3, '2020-03-06 20:01:02', '0000-00-00 00:00:00', 0, 0, 0, 0),
(399, 19, 128, 3, '2020-03-06 20:01:02', '0000-00-00 00:00:00', 0, 0, 0, 0),
(400, 20, 95, 1, '2020-03-06 20:02:28', '2020-03-06 20:03:03', 2, 0, 0, 1),
(401, 20, 92, 2, '2020-03-06 20:02:28', '0000-00-00 00:00:00', 0, 1, 0, 1),
(402, 20, 93, 2, '2020-03-06 20:02:28', '0000-00-00 00:00:00', 0, 0, 0, 0),
(403, 20, 101, 2, '2020-03-06 20:02:28', '0000-00-00 00:00:00', 0, 0, 0, 0),
(404, 20, 102, 2, '2020-03-06 20:02:28', '0000-00-00 00:00:00', 0, 0, 0, 0),
(405, 20, 105, 2, '2020-03-06 20:02:28', '0000-00-00 00:00:00', 0, 0, 0, 0),
(406, 20, 106, 2, '2020-03-06 20:02:28', '0000-00-00 00:00:00', 0, 0, 0, 0),
(407, 20, 107, 2, '2020-03-06 20:02:28', '0000-00-00 00:00:00', 0, 0, 0, 0),
(408, 20, 108, 2, '2020-03-06 20:02:28', '0000-00-00 00:00:00', 0, 0, 0, 0),
(409, 20, 109, 2, '2020-03-06 20:02:28', '0000-00-00 00:00:00', 0, 0, 0, 0),
(410, 20, 110, 2, '2020-03-06 20:02:28', '0000-00-00 00:00:00', 0, 0, 0, 0),
(411, 20, 114, 2, '2020-03-06 20:02:28', '0000-00-00 00:00:00', 0, 0, 0, 0),
(412, 20, 115, 2, '2020-03-06 20:02:28', '0000-00-00 00:00:00', 0, 0, 0, 0),
(413, 20, 117, 2, '2020-03-06 20:02:28', '0000-00-00 00:00:00', 0, 0, 0, 0),
(414, 20, 118, 2, '2020-03-06 20:02:28', '0000-00-00 00:00:00', 0, 0, 0, 0),
(415, 20, 119, 2, '2020-03-06 20:02:28', '0000-00-00 00:00:00', 0, 0, 0, 0),
(416, 20, 121, 2, '2020-03-06 20:02:28', '0000-00-00 00:00:00', 0, 0, 0, 0),
(417, 20, 126, 2, '2020-03-06 20:02:28', '0000-00-00 00:00:00', 0, 0, 0, 0),
(418, 20, 129, 2, '2020-03-06 20:02:28', '0000-00-00 00:00:00', 0, 0, 0, 0),
(419, 20, 131, 2, '2020-03-06 20:02:28', '0000-00-00 00:00:00', 0, 0, 0, 0),
(420, 20, 132, 2, '2020-03-06 20:02:28', '0000-00-00 00:00:00', 0, 0, 0, 0),
(421, 21, 95, 1, '0000-00-00 00:00:00', '0000-00-00 00:00:00', 0, 0, 0, 1),
(422, 21, 92, 2, '2020-03-06 20:23:35', '0000-00-00 00:00:00', 0, 1, 0, 1),
(423, 21, 93, 2, '2020-03-06 20:23:35', '0000-00-00 00:00:00', 0, 0, 0, 0),
(424, 21, 101, 2, '2020-03-06 20:23:35', '0000-00-00 00:00:00', 0, 0, 0, 0),
(425, 21, 102, 2, '2020-03-06 20:23:35', '0000-00-00 00:00:00', 0, 0, 0, 0),
(426, 21, 105, 2, '2020-03-06 20:23:35', '0000-00-00 00:00:00', 0, 0, 0, 0),
(427, 21, 106, 2, '2020-03-06 20:23:35', '0000-00-00 00:00:00', 0, 0, 0, 0),
(428, 21, 107, 2, '2020-03-06 20:23:35', '0000-00-00 00:00:00', 0, 0, 0, 0),
(429, 21, 108, 2, '2020-03-06 20:23:35', '0000-00-00 00:00:00', 0, 0, 0, 0),
(430, 21, 109, 2, '2020-03-06 20:23:35', '0000-00-00 00:00:00', 0, 0, 0, 0),
(431, 21, 110, 2, '2020-03-06 20:23:35', '0000-00-00 00:00:00', 0, 0, 0, 0),
(432, 21, 114, 2, '2020-03-06 20:23:35', '0000-00-00 00:00:00', 0, 0, 0, 0),
(433, 21, 115, 2, '2020-03-06 20:23:35', '0000-00-00 00:00:00', 0, 0, 0, 0),
(434, 21, 117, 2, '2020-03-06 20:23:35', '0000-00-00 00:00:00', 0, 0, 0, 0),
(435, 21, 118, 2, '2020-03-06 20:23:35', '0000-00-00 00:00:00', 0, 0, 0, 0),
(436, 21, 119, 2, '2020-03-06 20:23:35', '0000-00-00 00:00:00', 0, 0, 0, 0),
(437, 21, 121, 2, '2020-03-06 20:23:35', '0000-00-00 00:00:00', 0, 0, 0, 0),
(438, 21, 126, 2, '2020-03-06 20:23:35', '0000-00-00 00:00:00', 0, 0, 0, 0),
(439, 21, 129, 2, '2020-03-06 20:23:35', '0000-00-00 00:00:00', 0, 0, 0, 0),
(440, 21, 131, 2, '2020-03-06 20:23:35', '0000-00-00 00:00:00', 0, 0, 0, 0),
(441, 21, 132, 2, '2020-03-06 20:23:35', '0000-00-00 00:00:00', 0, 0, 0, 0),
(442, 22, 1, 3, '2020-03-06 20:23:46', '0000-00-00 00:00:00', 0, 0, 1, 1),
(443, 22, 122, 3, '2020-03-06 20:23:46', '0000-00-00 00:00:00', 0, 0, 0, 0),
(444, 22, 123, 3, '2020-03-06 20:23:46', '0000-00-00 00:00:00', 0, 0, 0, 0),
(445, 22, 127, 3, '2020-03-06 20:23:46', '0000-00-00 00:00:00', 0, 0, 0, 0),
(446, 22, 128, 3, '2020-03-06 20:23:46', '0000-00-00 00:00:00', 0, 0, 0, 0),
(447, 23, 95, 1, '2020-03-06 20:24:06', '0000-00-00 00:00:00', 2, 0, 0, 1),
(448, 24, 95, 1, '0000-00-00 00:00:00', '0000-00-00 00:00:00', 0, 0, 0, 1),
(449, 24, 92, 2, '2020-03-06 21:54:49', '0000-00-00 00:00:00', 0, 1, 0, 1),
(450, 24, 93, 2, '2020-03-06 21:54:49', '0000-00-00 00:00:00', 0, 0, 0, 0),
(451, 24, 101, 2, '2020-03-06 21:54:49', '0000-00-00 00:00:00', 0, 0, 0, 0),
(452, 24, 102, 2, '2020-03-06 21:54:49', '0000-00-00 00:00:00', 0, 0, 0, 0),
(453, 24, 105, 2, '2020-03-06 21:54:49', '0000-00-00 00:00:00', 0, 0, 0, 0),
(454, 24, 106, 2, '2020-03-06 21:54:49', '0000-00-00 00:00:00', 0, 0, 0, 0),
(455, 24, 107, 2, '2020-03-06 21:54:49', '0000-00-00 00:00:00', 0, 0, 0, 0),
(456, 24, 108, 2, '2020-03-06 21:54:49', '0000-00-00 00:00:00', 0, 0, 0, 0),
(457, 24, 109, 2, '2020-03-06 21:54:49', '0000-00-00 00:00:00', 0, 0, 0, 0),
(458, 24, 110, 2, '2020-03-06 21:54:49', '0000-00-00 00:00:00', 0, 0, 0, 0),
(459, 24, 114, 2, '2020-03-06 21:54:49', '0000-00-00 00:00:00', 0, 0, 0, 0),
(460, 24, 115, 2, '2020-03-06 21:54:49', '0000-00-00 00:00:00', 0, 0, 0, 0),
(461, 24, 117, 2, '2020-03-06 21:54:49', '0000-00-00 00:00:00', 0, 0, 0, 0),
(462, 24, 118, 2, '2020-03-06 21:54:49', '0000-00-00 00:00:00', 0, 0, 0, 0),
(463, 24, 119, 2, '2020-03-06 21:54:49', '0000-00-00 00:00:00', 0, 0, 0, 0),
(464, 24, 121, 2, '2020-03-06 21:54:49', '0000-00-00 00:00:00', 0, 0, 0, 0),
(465, 24, 126, 2, '2020-03-06 21:54:49', '0000-00-00 00:00:00', 0, 0, 0, 0),
(466, 24, 129, 2, '2020-03-06 21:54:49', '0000-00-00 00:00:00', 0, 0, 0, 0),
(467, 24, 131, 2, '2020-03-06 21:54:49', '0000-00-00 00:00:00', 0, 0, 0, 0),
(468, 24, 132, 2, '2020-03-06 21:54:49', '0000-00-00 00:00:00', 0, 0, 0, 0),
(469, 25, 1, 3, '2020-03-06 21:54:58', '0000-00-00 00:00:00', 0, 0, 1, 1),
(470, 25, 122, 3, '2020-03-06 21:54:58', '0000-00-00 00:00:00', 0, 0, 0, 0),
(471, 25, 123, 3, '2020-03-06 21:54:59', '0000-00-00 00:00:00', 0, 0, 0, 0),
(472, 25, 127, 3, '2020-03-06 21:54:59', '0000-00-00 00:00:00', 0, 0, 0, 0),
(473, 25, 128, 3, '2020-03-06 21:54:59', '0000-00-00 00:00:00', 0, 0, 0, 0),
(474, 26, 95, 1, '0000-00-00 00:00:00', '0000-00-00 00:00:00', 0, 0, 0, 1),
(475, 26, 92, 2, '2020-03-06 21:56:02', '0000-00-00 00:00:00', 0, 1, 0, 1),
(476, 26, 93, 2, '2020-03-06 21:56:02', '0000-00-00 00:00:00', 0, 0, 0, 0),
(477, 26, 101, 2, '2020-03-06 21:56:02', '0000-00-00 00:00:00', 0, 0, 0, 0),
(478, 26, 102, 2, '2020-03-06 21:56:02', '0000-00-00 00:00:00', 0, 0, 0, 0),
(479, 26, 105, 2, '2020-03-06 21:56:02', '0000-00-00 00:00:00', 0, 0, 0, 0),
(480, 26, 106, 2, '2020-03-06 21:56:02', '0000-00-00 00:00:00', 0, 0, 0, 0),
(481, 26, 107, 2, '2020-03-06 21:56:02', '0000-00-00 00:00:00', 0, 0, 0, 0),
(482, 26, 108, 2, '2020-03-06 21:56:02', '0000-00-00 00:00:00', 0, 0, 0, 0),
(483, 26, 109, 2, '2020-03-06 21:56:02', '0000-00-00 00:00:00', 0, 0, 0, 0),
(484, 26, 110, 2, '2020-03-06 21:56:02', '0000-00-00 00:00:00', 0, 0, 0, 0),
(485, 26, 114, 2, '2020-03-06 21:56:02', '0000-00-00 00:00:00', 0, 0, 0, 0),
(486, 26, 115, 2, '2020-03-06 21:56:02', '0000-00-00 00:00:00', 0, 0, 0, 0),
(487, 26, 117, 2, '2020-03-06 21:56:02', '0000-00-00 00:00:00', 0, 0, 0, 0),
(488, 26, 118, 2, '2020-03-06 21:56:02', '0000-00-00 00:00:00', 0, 0, 0, 0),
(489, 26, 119, 2, '2020-03-06 21:56:02', '0000-00-00 00:00:00', 0, 0, 0, 0),
(490, 26, 121, 2, '2020-03-06 21:56:02', '0000-00-00 00:00:00', 0, 0, 0, 0),
(491, 26, 126, 2, '2020-03-06 21:56:02', '0000-00-00 00:00:00', 0, 0, 0, 0),
(492, 26, 129, 2, '2020-03-06 21:56:02', '0000-00-00 00:00:00', 0, 0, 0, 0),
(493, 26, 131, 2, '2020-03-06 21:56:02', '0000-00-00 00:00:00', 0, 0, 0, 0),
(494, 26, 132, 2, '2020-03-06 21:56:02', '0000-00-00 00:00:00', 0, 0, 0, 0),
(495, 27, 1, 3, '2020-03-06 21:56:09', '0000-00-00 00:00:00', 0, 0, 1, 1),
(496, 27, 122, 3, '2020-03-06 21:56:09', '0000-00-00 00:00:00', 0, 0, 0, 0),
(497, 27, 123, 3, '2020-03-06 21:56:09', '0000-00-00 00:00:00', 0, 0, 0, 0),
(498, 27, 127, 3, '2020-03-06 21:56:09', '0000-00-00 00:00:00', 0, 0, 0, 0),
(499, 27, 128, 3, '2020-03-06 21:56:09', '0000-00-00 00:00:00', 0, 0, 0, 0),
(500, 28, 95, 1, '0000-00-00 00:00:00', '0000-00-00 00:00:00', 0, 0, 0, 1),
(501, 28, 92, 2, '2020-03-06 21:56:46', '0000-00-00 00:00:00', 0, 1, 0, 1),
(502, 28, 93, 2, '2020-03-06 21:56:46', '0000-00-00 00:00:00', 0, 0, 0, 0),
(503, 28, 101, 2, '2020-03-06 21:56:46', '0000-00-00 00:00:00', 0, 0, 0, 0),
(504, 28, 102, 2, '2020-03-06 21:56:46', '0000-00-00 00:00:00', 0, 0, 0, 0),
(505, 28, 105, 2, '2020-03-06 21:56:46', '0000-00-00 00:00:00', 0, 0, 0, 0),
(506, 28, 106, 2, '2020-03-06 21:56:46', '0000-00-00 00:00:00', 0, 0, 0, 0),
(507, 28, 107, 2, '2020-03-06 21:56:46', '0000-00-00 00:00:00', 0, 0, 0, 0),
(508, 28, 108, 2, '2020-03-06 21:56:46', '0000-00-00 00:00:00', 0, 0, 0, 0),
(509, 28, 109, 2, '2020-03-06 21:56:46', '0000-00-00 00:00:00', 0, 0, 0, 0),
(510, 28, 110, 2, '2020-03-06 21:56:46', '0000-00-00 00:00:00', 0, 0, 0, 0),
(511, 28, 114, 2, '2020-03-06 21:56:46', '0000-00-00 00:00:00', 0, 0, 0, 0),
(512, 28, 115, 2, '2020-03-06 21:56:46', '0000-00-00 00:00:00', 0, 0, 0, 0),
(513, 28, 117, 2, '2020-03-06 21:56:46', '0000-00-00 00:00:00', 0, 0, 0, 0),
(514, 28, 118, 2, '2020-03-06 21:56:46', '0000-00-00 00:00:00', 0, 0, 0, 0),
(515, 28, 119, 2, '2020-03-06 21:56:46', '0000-00-00 00:00:00', 0, 0, 0, 0),
(516, 28, 121, 2, '2020-03-06 21:56:46', '0000-00-00 00:00:00', 0, 0, 0, 0),
(517, 28, 126, 2, '2020-03-06 21:56:46', '0000-00-00 00:00:00', 0, 0, 0, 0),
(518, 28, 129, 2, '2020-03-06 21:56:46', '0000-00-00 00:00:00', 0, 0, 0, 0),
(519, 28, 131, 2, '2020-03-06 21:56:46', '0000-00-00 00:00:00', 0, 0, 0, 0),
(520, 28, 132, 2, '2020-03-06 21:56:46', '0000-00-00 00:00:00', 0, 0, 0, 0),
(521, 29, 1, 3, '2020-03-06 21:56:53', '0000-00-00 00:00:00', 0, 0, 1, 1),
(522, 29, 122, 3, '2020-03-06 21:56:53', '0000-00-00 00:00:00', 0, 0, 0, 0),
(523, 29, 123, 3, '2020-03-06 21:56:53', '0000-00-00 00:00:00', 0, 0, 0, 0),
(524, 29, 127, 3, '2020-03-06 21:56:53', '0000-00-00 00:00:00', 0, 0, 0, 0),
(525, 29, 128, 3, '2020-03-06 21:56:53', '0000-00-00 00:00:00', 0, 0, 0, 0),
(526, 31, 95, 1, '0000-00-00 00:00:00', '0000-00-00 00:00:00', 0, 0, 0, 1),
(527, 31, 92, 2, '2020-03-06 21:58:58', '0000-00-00 00:00:00', 0, 1, 0, 1),
(528, 31, 93, 2, '2020-03-06 21:58:58', '0000-00-00 00:00:00', 0, 0, 0, 0),
(529, 31, 101, 2, '2020-03-06 21:58:58', '0000-00-00 00:00:00', 0, 0, 0, 0),
(530, 31, 102, 2, '2020-03-06 21:58:58', '0000-00-00 00:00:00', 0, 0, 0, 0),
(531, 31, 105, 2, '2020-03-06 21:58:58', '0000-00-00 00:00:00', 0, 0, 0, 0),
(532, 31, 106, 2, '2020-03-06 21:58:58', '0000-00-00 00:00:00', 0, 0, 0, 0),
(533, 31, 107, 2, '2020-03-06 21:58:58', '0000-00-00 00:00:00', 0, 0, 0, 0),
(534, 31, 108, 2, '2020-03-06 21:58:58', '0000-00-00 00:00:00', 0, 0, 0, 0),
(535, 31, 109, 2, '2020-03-06 21:58:58', '0000-00-00 00:00:00', 0, 0, 0, 0),
(536, 31, 110, 2, '2020-03-06 21:58:58', '0000-00-00 00:00:00', 0, 0, 0, 0),
(537, 31, 114, 2, '2020-03-06 21:58:58', '0000-00-00 00:00:00', 0, 0, 0, 0),
(538, 31, 115, 2, '2020-03-06 21:58:58', '0000-00-00 00:00:00', 0, 0, 0, 0),
(539, 31, 117, 2, '2020-03-06 21:58:58', '0000-00-00 00:00:00', 0, 0, 0, 0),
(540, 31, 118, 2, '2020-03-06 21:58:58', '0000-00-00 00:00:00', 0, 0, 0, 0),
(541, 31, 119, 2, '2020-03-06 21:58:58', '0000-00-00 00:00:00', 0, 0, 0, 0),
(542, 31, 121, 2, '2020-03-06 21:58:58', '0000-00-00 00:00:00', 0, 0, 0, 0),
(543, 31, 126, 2, '2020-03-06 21:58:58', '0000-00-00 00:00:00', 0, 0, 0, 0),
(544, 31, 129, 2, '2020-03-06 21:58:58', '0000-00-00 00:00:00', 0, 0, 0, 0),
(545, 31, 131, 2, '2020-03-06 21:58:58', '0000-00-00 00:00:00', 0, 0, 0, 0),
(546, 31, 132, 2, '2020-03-06 21:58:58', '0000-00-00 00:00:00', 0, 0, 0, 0),
(547, 32, 1, 3, '2020-03-06 21:59:10', '0000-00-00 00:00:00', 0, 0, 1, 1),
(548, 32, 122, 3, '2020-03-06 21:59:10', '0000-00-00 00:00:00', 0, 0, 0, 0),
(549, 32, 123, 3, '2020-03-06 21:59:10', '0000-00-00 00:00:00', 0, 0, 0, 0),
(550, 32, 127, 3, '2020-03-06 21:59:10', '0000-00-00 00:00:00', 0, 0, 0, 0),
(551, 32, 128, 3, '2020-03-06 21:59:10', '0000-00-00 00:00:00', 0, 0, 0, 0),
(552, 34, 95, 1, '0000-00-00 00:00:00', '0000-00-00 00:00:00', 0, 0, 0, 1),
(553, 34, 92, 2, '2020-03-06 22:03:04', '0000-00-00 00:00:00', 0, 1, 0, 1),
(554, 34, 93, 2, '2020-03-06 22:03:04', '0000-00-00 00:00:00', 0, 0, 0, 0),
(555, 34, 101, 2, '2020-03-06 22:03:04', '0000-00-00 00:00:00', 0, 0, 0, 0),
(556, 34, 102, 2, '2020-03-06 22:03:04', '0000-00-00 00:00:00', 0, 0, 0, 0),
(557, 34, 105, 2, '2020-03-06 22:03:04', '0000-00-00 00:00:00', 0, 0, 0, 0),
(558, 34, 106, 2, '2020-03-06 22:03:04', '0000-00-00 00:00:00', 0, 0, 0, 0),
(559, 34, 107, 2, '2020-03-06 22:03:04', '0000-00-00 00:00:00', 0, 0, 0, 0),
(560, 34, 108, 2, '2020-03-06 22:03:04', '0000-00-00 00:00:00', 0, 0, 0, 0),
(561, 34, 109, 2, '2020-03-06 22:03:04', '0000-00-00 00:00:00', 0, 0, 0, 0),
(562, 34, 110, 2, '2020-03-06 22:03:04', '0000-00-00 00:00:00', 0, 0, 0, 0),
(563, 34, 114, 2, '2020-03-06 22:03:04', '0000-00-00 00:00:00', 0, 0, 0, 0),
(564, 34, 115, 2, '2020-03-06 22:03:04', '0000-00-00 00:00:00', 0, 0, 0, 0),
(565, 34, 117, 2, '2020-03-06 22:03:04', '0000-00-00 00:00:00', 0, 0, 0, 0),
(566, 34, 118, 2, '2020-03-06 22:03:04', '0000-00-00 00:00:00', 0, 0, 0, 0),
(567, 34, 119, 2, '2020-03-06 22:03:04', '0000-00-00 00:00:00', 0, 0, 0, 0),
(568, 34, 121, 2, '2020-03-06 22:03:04', '0000-00-00 00:00:00', 0, 0, 0, 0),
(569, 34, 126, 2, '2020-03-06 22:03:04', '0000-00-00 00:00:00', 0, 0, 0, 0),
(570, 34, 129, 2, '2020-03-06 22:03:04', '0000-00-00 00:00:00', 0, 0, 0, 0),
(571, 34, 131, 2, '2020-03-06 22:03:04', '0000-00-00 00:00:00', 0, 0, 0, 0),
(572, 34, 132, 2, '2020-03-06 22:03:04', '0000-00-00 00:00:00', 0, 0, 0, 0),
(573, 35, 1, 3, '2020-03-06 22:03:12', '0000-00-00 00:00:00', 0, 0, 1, 1),
(574, 35, 122, 3, '2020-03-06 22:03:12', '0000-00-00 00:00:00', 0, 0, 0, 0),
(575, 35, 123, 3, '2020-03-06 22:03:12', '0000-00-00 00:00:00', 0, 0, 0, 0),
(576, 35, 127, 3, '2020-03-06 22:03:12', '0000-00-00 00:00:00', 0, 0, 0, 0),
(577, 35, 128, 3, '2020-03-06 22:03:12', '0000-00-00 00:00:00', 0, 0, 0, 0),
(578, 37, 95, 1, '0000-00-00 00:00:00', '0000-00-00 00:00:00', 0, 0, 0, 1),
(579, 37, 92, 2, '2020-03-06 22:05:40', '0000-00-00 00:00:00', 0, 1, 0, 1),
(580, 37, 93, 2, '2020-03-06 22:05:40', '0000-00-00 00:00:00', 0, 0, 0, 0),
(581, 37, 101, 2, '2020-03-06 22:05:40', '0000-00-00 00:00:00', 0, 0, 0, 0),
(582, 37, 102, 2, '2020-03-06 22:05:40', '0000-00-00 00:00:00', 0, 0, 0, 0),
(583, 37, 105, 2, '2020-03-06 22:05:40', '0000-00-00 00:00:00', 0, 0, 0, 0),
(584, 37, 106, 2, '2020-03-06 22:05:40', '0000-00-00 00:00:00', 0, 0, 0, 0),
(585, 37, 107, 2, '2020-03-06 22:05:40', '0000-00-00 00:00:00', 0, 0, 0, 0),
(586, 37, 108, 2, '2020-03-06 22:05:40', '0000-00-00 00:00:00', 0, 0, 0, 0),
(587, 37, 109, 2, '2020-03-06 22:05:40', '0000-00-00 00:00:00', 0, 0, 0, 0),
(588, 37, 110, 2, '2020-03-06 22:05:40', '0000-00-00 00:00:00', 0, 0, 0, 0),
(589, 37, 114, 2, '2020-03-06 22:05:40', '0000-00-00 00:00:00', 0, 0, 0, 0),
(590, 37, 115, 2, '2020-03-06 22:05:40', '0000-00-00 00:00:00', 0, 0, 0, 0),
(591, 37, 117, 2, '2020-03-06 22:05:40', '0000-00-00 00:00:00', 0, 0, 0, 0),
(592, 37, 118, 2, '2020-03-06 22:05:40', '0000-00-00 00:00:00', 0, 0, 0, 0),
(593, 37, 119, 2, '2020-03-06 22:05:40', '0000-00-00 00:00:00', 0, 0, 0, 0),
(594, 37, 121, 2, '2020-03-06 22:05:40', '0000-00-00 00:00:00', 0, 0, 0, 0),
(595, 37, 126, 2, '2020-03-06 22:05:40', '0000-00-00 00:00:00', 0, 0, 0, 0),
(596, 37, 129, 2, '2020-03-06 22:05:40', '0000-00-00 00:00:00', 0, 0, 0, 0),
(597, 37, 131, 2, '2020-03-06 22:05:40', '0000-00-00 00:00:00', 0, 0, 0, 0),
(598, 37, 132, 2, '2020-03-06 22:05:40', '0000-00-00 00:00:00', 0, 0, 0, 0),
(599, 38, 1, 3, '2020-03-06 22:05:48', '0000-00-00 00:00:00', 0, 0, 1, 1),
(600, 38, 122, 3, '2020-03-06 22:05:48', '0000-00-00 00:00:00', 0, 0, 0, 0),
(601, 38, 123, 3, '2020-03-06 22:05:48', '0000-00-00 00:00:00', 0, 0, 0, 0),
(602, 38, 127, 3, '2020-03-06 22:05:48', '0000-00-00 00:00:00', 0, 0, 0, 0),
(603, 38, 128, 3, '2020-03-06 22:05:48', '0000-00-00 00:00:00', 0, 0, 0, 0),
(604, 39, 95, 1, '2020-03-06 22:05:56', '0000-00-00 00:00:00', 2, 0, 0, 1);

-- --------------------------------------------------------

--
-- Table structure for table `notification_control`
--

CREATE TABLE `notification_control` (
  `notif_control_id` int(100) NOT NULL,
  `trans_id` int(100) NOT NULL,
  `notif_type_id` int(50) NOT NULL,
  `storage_id` int(100) NOT NULL
) ENGINE=InnoDB DEFAULT CHARSET=latin1;

--
-- Dumping data for table `notification_control`
--

INSERT INTO `notification_control` (`notif_control_id`, `trans_id`, `notif_type_id`, `storage_id`) VALUES
(1, 1, 1, 1),
(2, 2, 1, 1),
(3, 1, 2, 1),
(4, 3, 1, 1),
(5, 3, 2, 1),
(6, 4, 1, 1),
(7, 5, 1, 1),
(8, 5, 2, 1),
(9, 5, 3, 0),
(10, 5, 4, 1),
(11, 6, 1, 1),
(12, 7, 1, 1),
(13, 8, 1, 2),
(14, 9, 1, 3),
(15, 10, 1, 4),
(16, 8, 7, 0),
(17, 11, 1, 1),
(18, 12, 1, 1),
(19, 12, 7, 0),
(20, 12, 2, 1),
(21, 13, 1, 1),
(22, 13, 7, 0),
(23, 13, 8, 1),
(24, 14, 1, 1),
(25, 14, 7, 0),
(26, 15, 1, 1),
(27, 15, 7, 0),
(28, 16, 1, 1),
(29, 16, 7, 0),
(30, 16, 8, 1),
(31, 17, 1, 1),
(32, 17, 7, 0),
(33, 17, 8, 1),
(34, 18, 1, 1),
(35, 18, 7, 0),
(36, 18, 8, 1),
(37, 19, 1, 1),
(38, 19, 7, 0),
(39, 19, 8, 1);

-- --------------------------------------------------------

--
-- Table structure for table `notification_type`
--

CREATE TABLE `notification_type` (
  `notif_type_id` int(50) NOT NULL,
  `description` varchar(50) NOT NULL
) ENGINE=InnoDB DEFAULT CHARSET=latin1;

--
-- Dumping data for table `notification_type`
--

INSERT INTO `notification_type` (`notif_type_id`, `description`) VALUES
(1, 'Staff Notification Request'),
(2, 'Staff Notification Returning'),
(3, 'Admin Notification New Arrival Approval'),
(4, 'Storage Notification Items Approved'),
(5, 'User notification request approved'),
(6, 'User notification report damage/lost items'),
(7, 'Borrow request admin approval'),
(8, 'Denied Request for releasing'),
(9, 'New item admin verification ');

-- --------------------------------------------------------

--
-- Table structure for table `pin`
--

CREATE TABLE `pin` (
  `id` int(50) NOT NULL,
  `pin_id` int(50) NOT NULL,
  `borrower_slip_id` int(50) NOT NULL
) ENGINE=InnoDB DEFAULT CHARSET=utf8mb4;

--
-- Dumping data for table `pin`
--

INSERT INTO `pin` (`id`, `pin_id`, `borrower_slip_id`) VALUES
(1, 117, 1),
(2, 712, 2),
(3, 565, 3),
(4, 692, 4),
(5, 829, 5),
(6, 373, 6),
(7, 260, 7),
(8, 390, 8),
(9, 378, 9),
(10, 651, 10),
(11, 156, 11),
(12, 353, 12),
(13, 101, 13),
(14, 663, 14),
(15, 226, 15),
(16, 856, 16),
(17, 804, 17),
(18, 897, 18),
(19, 747, 19);

-- --------------------------------------------------------

--
-- Table structure for table `reports`
--

CREATE TABLE `reports` (
  `report_id` int(50) NOT NULL,
  `rd_control_id` int(50) NOT NULL,
  `trans_id` int(50) NOT NULL,
  `storage_id` int(50) NOT NULL,
  `report_date` datetime NOT NULL,
  `reported_by` int(50) NOT NULL,
  `date_verified` datetime NOT NULL,
  `verified_by` int(50) NOT NULL,
  `date_approved` datetime NOT NULL,
  `approved_by` int(50) NOT NULL,
  `report_type_id` int(50) NOT NULL,
  `date_updated` datetime NOT NULL,
  `updated_by` int(50) NOT NULL,
  `comment` varchar(100) NOT NULL,
  `status` int(11) NOT NULL
) ENGINE=InnoDB DEFAULT CHARSET=utf8mb4;

--
-- Dumping data for table `reports`
--

INSERT INTO `reports` (`report_id`, `rd_control_id`, `trans_id`, `storage_id`, `report_date`, `reported_by`, `date_verified`, `verified_by`, `date_approved`, `approved_by`, `report_type_id`, `date_updated`, `updated_by`, `comment`, `status`) VALUES
(1, 1, 0, 5, '2020-02-21 14:21:57', 132, '2020-02-21 14:23:58', 92, '0000-00-00 00:00:00', 0, 3, '2020-02-27 22:19:09', 92, '                      ', 1),
(2, 2, 0, 1, '2020-02-28 13:25:55', 92, '2020-02-28 13:27:14', 92, '0000-00-00 00:00:00', 0, 3, '2020-02-29 23:16:53', 92, '                      ', 1),
(3, 3, 0, 1, '2020-03-01 14:02:16', 92, '2020-03-01 14:05:03', 92, '0000-00-00 00:00:00', 0, 3, '2020-03-01 14:05:20', 92, '                      ', 1);

-- --------------------------------------------------------

--
-- Table structure for table `report_date_control`
--

CREATE TABLE `report_date_control` (
  `rd_control_id` int(100) NOT NULL,
  `date_range` date NOT NULL
) ENGINE=InnoDB DEFAULT CHARSET=utf8mb4;

--
-- Dumping data for table `report_date_control`
--

INSERT INTO `report_date_control` (`rd_control_id`, `date_range`) VALUES
(1, '2020-02-21'),
(2, '2020-02-28'),
(3, '2020-03-01');

-- --------------------------------------------------------

--
-- Table structure for table `report_type`
--

CREATE TABLE `report_type` (
  `report_type_id` int(50) NOT NULL,
  `report_description` varchar(50) NOT NULL
) ENGINE=InnoDB DEFAULT CHARSET=utf8mb4;

--
-- Dumping data for table `report_type`
--

INSERT INTO `report_type` (`report_type_id`, `report_description`) VALUES
(1, 'Borrowing Reports'),
(2, 'Inventory Reports'),
(3, 'Incident Reports');

-- --------------------------------------------------------

--
-- Table structure for table `request_status`
--

CREATE TABLE `request_status` (
  `status_id` int(50) NOT NULL,
  `status_desc` varchar(50) NOT NULL
) ENGINE=InnoDB DEFAULT CHARSET=latin1;

--
-- Dumping data for table `request_status`
--

INSERT INTO `request_status` (`status_id`, `status_desc`) VALUES
(0, 'Pending Not Viewed'),
(1, 'Pending Viewed'),
(2, 'Approved'),
(3, 'Cancelled'),
(4, 'Returned Request'),
(5, 'Received'),
(6, 'With Discrepancy'),
(7, 'Settled'),
(8, 'Forward request to admin'),
(9, 'Denied');

-- --------------------------------------------------------

--
-- Table structure for table `storage`
--

CREATE TABLE `storage` (
  `storage_id` int(100) NOT NULL,
  `storage_name` varchar(50) NOT NULL,
  `initials` varchar(50) NOT NULL,
  `status` int(11) NOT NULL
) ENGINE=InnoDB DEFAULT CHARSET=latin1;

--
-- Dumping data for table `storage`
--

INSERT INTO `storage` (`storage_id`, `storage_name`, `initials`, `status`) VALUES
(1, 'General Storage', 'GS', 1),
(2, 'Kitchen Laboratory', 'KL', 1),
(3, 'Kitchen1', 'K1', 1),
(4, 'Kitchen2', 'K2', 1),
(5, 'Bar Tending', 'BT', 1),
(18, 'Restaurant1', 'R1', 1);

-- --------------------------------------------------------

--
-- Table structure for table `storage_stocks`
--

CREATE TABLE `storage_stocks` (
  `id` int(50) NOT NULL,
  `utensils_id` int(50) NOT NULL,
  `storage_id` int(50) NOT NULL,
  `storage_qty` int(100) NOT NULL,
  `original_stock` int(100) NOT NULL,
  `lost_qty` int(50) NOT NULL,
  `damaged_qty` int(50) NOT NULL,
  `reserved_qty` int(50) NOT NULL,
  `on_use` int(50) NOT NULL
) ENGINE=InnoDB DEFAULT CHARSET=latin1;

--
-- Dumping data for table `storage_stocks`
--

INSERT INTO `storage_stocks` (`id`, `utensils_id`, `storage_id`, `storage_qty`, `original_stock`, `lost_qty`, `damaged_qty`, `reserved_qty`, `on_use`) VALUES
(1, 1, 1, 44, 45, 0, 0, 1, 0),
(2, 1, 2, 15, 15, 0, 0, 0, 0),
(3, 1, 3, 29, 30, 0, 0, 1, 0),
(4, 1, 4, 9, 10, 0, 0, 1, 0),
(5, 1, 5, 0, 0, 0, 0, 0, 0),
(8, 2, 1, 50, 50, 0, 0, 0, 0),
(9, 2, 2, 20, 20, 0, 0, 0, 0),
(10, 2, 3, 20, 20, 0, 0, 0, 0),
(11, 2, 4, 9, 10, 0, 0, 1, 0),
(12, 2, 5, 0, 0, 0, 0, 0, 0),
(15, 3, 1, 50, 50, 0, 0, 0, 0),
(16, 3, 2, 20, 20, 0, 0, 0, 0),
(17, 3, 3, 19, 20, 0, 0, 1, 0),
(18, 3, 4, 9, 10, 0, 0, 1, 0),
(19, 3, 5, 0, 0, 0, 0, 0, 0),
(22, 4, 1, 50, 50, 0, 0, 0, 0),
(23, 4, 2, 20, 20, 0, 0, 0, 0),
(24, 4, 3, 19, 20, 0, 0, 1, 0),
(25, 4, 4, 10, 10, 0, 0, 0, 0),
(26, 4, 5, 0, 0, 0, 0, 0, 0),
(29, 5, 1, 50, 50, 0, 0, 0, 0),
(30, 5, 2, 20, 20, 0, 0, 0, 0),
(31, 5, 3, 20, 20, 0, 0, 0, 0),
(32, 5, 4, 10, 10, 0, 0, 0, 0),
(33, 5, 5, 0, 0, 0, 0, 0, 0),
(36, 6, 1, 90, 90, 0, 0, 0, 0),
(37, 6, 2, 0, 0, 0, 0, 0, 0),
(38, 6, 3, 0, 0, 0, 0, 0, 0),
(39, 6, 4, 10, 10, 0, 0, 0, 0),
(40, 6, 5, 0, 0, 0, 0, 0, 0),
(43, 7, 1, 90, 90, 0, 0, 0, 0),
(44, 7, 2, 0, 0, 0, 0, 0, 0),
(45, 7, 3, 0, 0, 0, 0, 0, 0),
(46, 7, 4, 10, 10, 0, 0, 0, 0),
(47, 7, 5, 0, 0, 0, 0, 0, 0),
(50, 8, 1, 40, 40, 0, 0, 0, 0),
(51, 8, 2, 0, 0, 0, 0, 0, 0),
(52, 8, 3, 0, 0, 0, 0, 0, 0),
(53, 8, 4, 10, 10, 0, 0, 0, 0),
(54, 8, 5, 0, 0, 0, 0, 0, 0),
(57, 9, 1, 90, 90, 0, 0, 0, 0),
(58, 9, 2, 0, 0, 0, 0, 0, 0),
(59, 9, 3, 0, 0, 0, 0, 0, 0),
(60, 9, 4, 10, 10, 0, 0, 0, 0),
(61, 9, 5, 0, 0, 0, 0, 0, 0),
(64, 10, 1, 40, 40, 0, 0, 0, 0),
(65, 10, 2, 0, 0, 0, 0, 0, 0),
(66, 10, 3, 0, 0, 0, 0, 0, 0),
(67, 10, 4, 10, 10, 0, 0, 0, 0),
(68, 10, 5, 0, 0, 0, 0, 0, 0),
(71, 11, 1, 50, 50, 0, 0, 0, 0),
(72, 11, 2, 0, 0, 0, 0, 0, 0),
(73, 11, 3, 0, 0, 0, 0, 0, 0),
(74, 11, 4, 0, 0, 0, 0, 0, 0),
(75, 11, 5, 0, 0, 0, 0, 0, 0),
(78, 12, 1, 50, 50, 0, 0, 0, 0),
(79, 12, 2, 0, 0, 0, 0, 0, 0),
(80, 12, 3, 0, 0, 0, 0, 0, 0),
(81, 12, 4, 0, 0, 0, 0, 0, 0),
(82, 12, 5, 0, 0, 0, 0, 0, 0),
(85, 13, 1, 50, 50, 0, 0, 0, 0),
(86, 13, 2, 0, 0, 0, 0, 0, 0),
(87, 13, 3, 0, 0, 0, 0, 0, 0),
(88, 13, 4, 0, 0, 0, 0, 0, 0),
(89, 13, 5, 0, 0, 0, 0, 0, 0),
(90, 14, 1, 50, 50, 0, 0, 0, 0),
(91, 14, 2, 0, 0, 0, 0, 0, 0),
(92, 14, 3, 0, 0, 0, 0, 0, 0),
(93, 14, 4, 0, 0, 0, 0, 0, 0),
(94, 14, 5, 0, 0, 0, 0, 0, 0),
(95, 15, 1, 50, 50, 0, 0, 0, 0),
(96, 15, 2, 0, 0, 0, 0, 0, 0),
(97, 15, 3, 0, 0, 0, 0, 0, 0),
(98, 15, 4, 0, 0, 0, 0, 0, 0),
(99, 15, 5, 0, 0, 0, 0, 0, 0),
(130, 16, 1, 8, 8, 0, 0, 0, 0),
(131, 16, 2, 0, 0, 0, 0, 0, 0),
(132, 16, 3, 4, 4, 0, 0, 0, 0),
(133, 16, 4, 0, 0, 0, 0, 0, 0),
(134, 16, 5, 0, 0, 0, 0, 0, 0),
(135, 17, 1, 0, 0, 0, 0, 0, 0),
(136, 17, 2, 10, 10, 0, 0, 0, 0),
(137, 17, 3, 0, 0, 0, 0, 0, 0),
(138, 17, 4, 0, 0, 0, 0, 0, 0),
(139, 17, 5, 0, 0, 0, 0, 0, 0),
(193, 1, 18, 0, 0, 0, 0, 0, 0),
(194, 2, 18, 0, 0, 0, 0, 0, 0),
(195, 3, 18, 0, 0, 0, 0, 0, 0),
(196, 4, 18, 0, 0, 0, 0, 0, 0),
(197, 5, 18, 0, 0, 0, 0, 0, 0),
(198, 6, 18, 0, 0, 0, 0, 0, 0),
(199, 7, 18, 0, 0, 0, 0, 0, 0),
(200, 8, 18, 0, 0, 0, 0, 0, 0),
(201, 9, 18, 0, 0, 0, 0, 0, 0),
(202, 10, 18, 0, 0, 0, 0, 0, 0),
(203, 11, 18, 0, 0, 0, 0, 0, 0),
(204, 12, 18, 0, 0, 0, 0, 0, 0),
(205, 13, 18, 0, 0, 0, 0, 0, 0),
(206, 14, 18, 0, 0, 0, 0, 0, 0),
(207, 15, 18, 0, 0, 0, 0, 0, 0),
(208, 16, 18, 0, 0, 0, 0, 0, 0),
(209, 17, 18, 0, 0, 0, 0, 0, 0),
(217, 19, 1, 34, 34, 0, 0, 0, 0),
(218, 19, 2, 0, 0, 0, 0, 0, 0),
(219, 19, 3, 0, 0, 0, 0, 0, 0),
(220, 19, 4, 0, 0, 0, 0, 0, 0),
(221, 19, 5, 0, 0, 0, 0, 0, 0),
(222, 19, 18, 0, 0, 0, 0, 0, 0),
(223, 20, 1, 45, 45, 0, 0, 0, 0),
(224, 20, 2, 0, 0, 0, 0, 0, 0),
(225, 20, 3, 0, 0, 0, 0, 0, 0),
(226, 20, 4, 0, 0, 0, 0, 0, 0),
(227, 20, 5, 0, 0, 0, 0, 0, 0),
(228, 20, 18, 0, 0, 0, 0, 0, 0),
(229, 21, 1, 45, 45, 0, 0, 0, 0),
(230, 21, 2, 0, 0, 0, 0, 0, 0),
(231, 21, 3, 0, 0, 0, 0, 0, 0),
(232, 21, 4, 0, 0, 0, 0, 0, 0),
(233, 21, 5, 0, 0, 0, 0, 0, 0),
(234, 21, 18, 0, 0, 0, 0, 0, 0),
(235, 22, 1, 34, 34, 0, 0, 0, 0),
(236, 22, 2, 0, 0, 0, 0, 0, 0),
(237, 22, 3, 0, 0, 0, 0, 0, 0),
(238, 22, 4, 0, 0, 0, 0, 0, 0),
(239, 22, 5, 0, 0, 0, 0, 0, 0),
(240, 22, 18, 0, 0, 0, 0, 0, 0),
(241, 23, 1, 34, 34, 0, 0, 0, 0),
(242, 23, 2, 0, 0, 0, 0, 0, 0),
(243, 23, 3, 0, 0, 0, 0, 0, 0),
(244, 23, 4, 0, 0, 0, 0, 0, 0),
(245, 23, 5, 0, 0, 0, 0, 0, 0),
(246, 23, 18, 0, 0, 0, 0, 0, 0),
(247, 24, 1, 34, 34, 0, 0, 0, 0),
(248, 24, 2, 0, 0, 0, 0, 0, 0),
(249, 24, 3, 0, 0, 0, 0, 0, 0),
(250, 24, 4, 0, 0, 0, 0, 0, 0),
(251, 24, 5, 0, 0, 0, 0, 0, 0),
(252, 24, 18, 0, 0, 0, 0, 0, 0);

-- --------------------------------------------------------

--
-- Table structure for table `tasks`
--

CREATE TABLE `tasks` (
  `id` int(50) NOT NULL,
  `description` varchar(100) NOT NULL,
  `user_id` int(11) NOT NULL
) ENGINE=InnoDB DEFAULT CHARSET=utf8mb4;

--
-- Dumping data for table `tasks`
--

INSERT INTO `tasks` (`id`, `description`, `user_id`) VALUES
(2, '	Sign contract for \"What are conference organizers afraid of?\"', 1),
(3, '	Lines From Great Russian Literature? Or E-mails From My Boss?', 1),
(4, '	Flooded: One year later, assessing what was lost and what was found when a ravaging rain swept thro', 1),
(5, 'Read \"Following makes Medium better\"', 1);

-- --------------------------------------------------------

--
-- Table structure for table `umsr`
--

CREATE TABLE `umsr` (
  `id` int(11) NOT NULL,
  `umsr_name` varchar(50) NOT NULL
) ENGINE=InnoDB DEFAULT CHARSET=latin1;

--
-- Dumping data for table `umsr`
--

INSERT INTO `umsr` (`id`, `umsr_name`) VALUES
(1, 'pcs');

-- --------------------------------------------------------

--
-- Table structure for table `users`
--

CREATE TABLE `users` (
  `user_id` int(100) NOT NULL,
  `school_id` int(50) NOT NULL,
  `fname` varchar(50) NOT NULL,
  `lname` varchar(50) NOT NULL,
  `email` varchar(50) NOT NULL,
  `contact` varchar(50) NOT NULL,
  `dept_id` int(50) DEFAULT NULL,
  `storage_id` int(50) DEFAULT NULL
) ENGINE=InnoDB DEFAULT CHARSET=latin1;

--
-- Dumping data for table `users`
--

INSERT INTO `users` (`user_id`, `school_id`, `fname`, `lname`, `email`, `contact`, `dept_id`, `storage_id`) VALUES
(1, 99999999, 'Grayfield', 'Bajao', 'gray@field.com', '99999999999', 2, 0),
(92, 11111111, 'Meljun', 'Tirol', 'meru@meru.com', '12341234134', 1, 1),
(93, 22222222, 'Prometheus Dar Alexis', 'Resuello', 'daru@daru.com', '22222222222', 1, 2),
(94, 33333333, 'Rasty', 'Demicillo', 'ras@ras.com', '33333333333', 1, 0),
(95, 44444444, 'Jeniffer', 'Encabo', 'jen@yahoo.com', '12332112332', 2, 0),
(96, 55555555, 'Ching', 'Sanico', 'ching@chong.con', '23423443534', 1, 0),
(97, 16845893, 'john', 'sanico', 'john@yahoo.com', '09151659070', 1, 0),
(98, 16880502, 'Meru', 'Tirol', 'mel@he.com', '92957289497', 2, 0),
(99, 15754534, 'Jeniffer', 'Encabo', 'jeniffer.encabo97@gmail.com', '09233290150', 1, 0),
(100, 82882828, 'ching', 'ching', 'aw@yahoo.com', '09172662892', 1, 0),
(101, 66666666, 'Zardron', 'Pesquera', 'msd@sd.comssss', '34545657678', 1, 1),
(102, 77777777, 'Kevin Dale', 'Tabayocyoc', 'msd@sd.com232333', '23435436456', 1, 2),
(104, 34534645, 'sdf', 'sdff', 'emark@gmail.comsdfsdf', '-3535634536', 2, NULL),
(105, 33333323, 'ggggggggggg', 'ggggggggg', 'emark@gmail.com33', '23322323333', 2, 2),
(106, 12312433, 'dfdsfg', 'dfgdfg', 'msd@sd.com', '23333333333', 2, 2),
(107, 999, 'Mark', 'Marky', 'msd@sd.comdfs', '09999999999', 4, 3),
(108, 11000999, 'Mark', 'Marky', 'msd@sd.comdfsa', '99919191919', 1, 3),
(109, 88888111, 'Mark', 'Marky', 'msd@sd.comdfsa21', '23451212121', 1, 3),
(110, 44444555, 'Mark', 'Marky', 'msd@sd.comdfsa211', '23423423423', 1, 3),
(111, 12332423, 'sdfsdf', 'sdfsdf', 'melmax795@gmail.comsss', '12234235345', 6, NULL),
(112, 45245245, '234', '234', 'meru@dsf.com', '34534234324', 2, NULL),
(113, 23423432, 'John Michael', 'Cantero', 'emark@gmail.com', '3453452', 1, NULL),
(114, 11111222, 'sdf', 'sdf', 'emark@gmail.comsd', '23432423423', 2, 1),
(115, 44444333, 'Meru', 'Meru', 'melmax795@gmail.com11', '49156424334', 1, 3),
(116, 17953928, 'Zardron', 'Pesquera', 'zar@zar.com', '09872646163', 1, NULL),
(117, 16830150, 'mark', 'roda', 'd@yahoo.com466', '12345678910', 2, 1),
(118, 16830151, 'mark', 'roda', 'asdhhh@yahoo.com', '12345678911', 2, 1),
(119, 16830152, 'mark banga', 'dooo', 'wjehrjkwe@yahoo.comq', '12345678913', 2, 1),
(120, 12579208, 'dar', 'dargwapo', 'dargwapokaayo@yahoo.com', '12345678914', 2, NULL),
(121, 23213525, 'fghgjgfhj', 'gwapo', 'msd@sd.com454', '34563457546', 2, 1),
(122, 12431353, 'dfgdsfgdfg', '464536', 'msd@sd.comdfgdfg', '45634563567', NULL, NULL),
(123, 34674673, 'sdfsdf', 'gwapo', 'msd@sd.com223w', '23323232323', NULL, NULL),
(126, 8897987, 'sdfsdf', 'sdfsdf', 'msd@sd.comsdf', '23532454563', NULL, 1),
(127, 12423443, 'sdf', 'gwapo', 'msd@sd.comsss', '24566767876', NULL, NULL),
(128, 34624563, '345345', 'sdfsdf345345', 'msd@sd.com3434', '34523464564', NULL, NULL),
(129, 56746785, 'sdfsdf3', '5435', 'emark@gmail.com345', '32365467586', NULL, 1),
(131, 92398349, 'sdfsadfsadf', 'sdfsdf', 'emark@gmail.comsdfsadf', '23558659768', 1, 3),
(132, 12312312, 'test', 'test', 'test@yaho.o.com', '34534534656', 4, 5),
(133, 11111110, 'student1', 'student1', 'student1@yahoo.comasd', '98456745986', 2, NULL),
(134, 12579207, 'prometheys', 'resyello', 'resuelllodar@yahoo.com', '98989808777', 1, NULL),
(135, 12579209, 'prometheus', 'resuello', 'student1@yahoo.com', '11111111111', 2, NULL),
(136, 90909090, 'johncarl', 'sanico', 'jjohn@yahoo.com', '09151759080', 2, NULL);

-- --------------------------------------------------------

--
-- Table structure for table `user_settings`
--

CREATE TABLE `user_settings` (
  `user_id` int(100) NOT NULL,
  `username` varchar(50) NOT NULL,
  `password` varchar(50) NOT NULL,
  `account_type_id` varchar(50) NOT NULL
) ENGINE=InnoDB DEFAULT CHARSET=latin1;

--
-- Dumping data for table `user_settings`
--

INSERT INTO `user_settings` (`user_id`, `username`, `password`, `account_type_id`) VALUES
(1, 'admin', 'admin', '1'),
(92, 'merumeruuu', '11111111', '3'),
(93, '22222222', '22222222', '4'),
(94, 'ras', 'ras', '6'),
(95, 'jen', 'jen', '7'),
(96, '55', '55', '7'),
(97, 'john', 'john', '6'),
(98, 'Meru', 'meru', '7'),
(99, 'jeniffer.encabo', 'Jen9497*', '7'),
(100, 'ching', 'ching', '7'),
(101, '66666666', '66666666', '4'),
(102, '77777777', '77777777', '5'),
(104, 'userergd', 'd', '7'),
(105, '33333323', '33333323', '4'),
(106, '12312433', '12312433', '3'),
(107, '00000999', '00000999', '5'),
(108, '11000999', '11000999', '5'),
(109, '88888111', '88888111', '5'),
(110, '44444555', '44444555', '5'),
(111, 'user1', 'f', '7'),
(112, 'dd', '44', '7'),
(113, '345', '345', '6'),
(114, '11111222', '11111222', '3'),
(115, '44444333', '44444333', '4'),
(116, 'Zardron', 'zar', '7'),
(117, '16830150', '16830150', '4'),
(118, '16830151', '16830151', '4'),
(119, '16830152', '16830152', '3'),
(120, 'dargwapo', 'dargwapo', '7'),
(121, '23213525', '23213525', '3'),
(122, '12431353', '12431353', '2'),
(123, '34674673', '34674673', '2'),
(126, '08897987', '08897987', '3'),
(127, '12423443', '12423443', '2'),
(128, '34624563', '34624563', '2'),
(129, '56746785', '56746785', '3'),
(131, '92398349', '92398349', '5'),
(132, '12312312', '12312312', '4'),
(133, 'student1', 'student1', '7'),
(134, 'student5', 'student5', '7'),
(135, 'student2', 'student2', '7'),
(136, 'student10', 'student10', '7');

-- --------------------------------------------------------

--
-- Table structure for table `utensils`
--

CREATE TABLE `utensils` (
  `utensils_id` int(100) NOT NULL,
  `utensils_name` varchar(50) NOT NULL,
  `original_stock` int(100) NOT NULL,
  `stock_on_hand` int(100) NOT NULL,
  `utensils_cat_id` int(50) NOT NULL,
  `added_by` varchar(50) NOT NULL,
  `date_added` date NOT NULL,
  `updated_by` varchar(50) NOT NULL,
  `date_updated` date NOT NULL,
  `cost` int(100) NOT NULL,
  `umsr` varchar(50) NOT NULL,
  `model` varchar(50) NOT NULL,
  `serial_no` varchar(50) NOT NULL,
  `date_purchased` date NOT NULL,
  `status` int(11) NOT NULL
) ENGINE=InnoDB DEFAULT CHARSET=latin1;

--
-- Dumping data for table `utensils`
--

INSERT INTO `utensils` (`utensils_id`, `utensils_name`, `original_stock`, `stock_on_hand`, `utensils_cat_id`, `added_by`, `date_added`, `updated_by`, `date_updated`, `cost`, `umsr`, `model`, `serial_no`, `date_purchased`, `status`) VALUES
(1, 'Peeler Heavy Duty', 100, 0, 1, '92', '2020-02-27', '', '0000-00-00', 20, '1', 'DFB', 'DFH', '2020-01-26', 1),
(2, 'Pairing Knife', 100, 0, 1, '92', '2020-02-27', '', '0000-00-00', 10, '1', 'DFB', 'DFH', '2020-01-26', 1),
(3, 'Chef Knife', 100, 0, 1, '92', '2020-02-27', '', '0000-00-00', 30, '1', 'DFG', 'DFG', '2020-01-26', 1),
(4, 'Baking Pan Round 4 inches', 100, 0, 2, '92', '2020-02-27', '', '0000-00-00', 23, '1', 'dfb', '3452', '2020-02-09', 1),
(5, 'Sheet Pan 12\"', 100, 0, 2, '92', '2020-02-27', '', '0000-00-00', 23, '1', 'DFB', '123', '2020-01-26', 1),
(6, 'Cake Pillars 2 3/4', 100, 0, 2, '92', '2020-02-27', '', '0000-00-00', 12, '1', 'DFG', 'DFG', '2020-02-09', 1),
(7, 'Cake holder', 100, 0, 2, '92', '2020-02-27', '', '0000-00-00', 10, '1', 'DFB', 'DFH', '2020-02-02', 1),
(8, 'Bundt Pan', 50, 0, 2, '92', '2020-02-27', '', '0000-00-00', 10, '1', 'DFG', '123', '2020-02-17', 1),
(9, 'Jelly Roll Pan', 100, 0, 2, '92', '2020-02-27', '', '0000-00-00', 10, '1', 'asd', 'DFG', '2020-02-02', 1),
(10, 'Fork (serving utensils)', 50, 0, 3, '92', '2020-02-27', '', '0000-00-00', 30, '1', 'dfb', 'DFH', '2020-02-02', 1),
(11, 'Soup Tureens', 50, 0, 3, '92', '2020-02-27', '', '0000-00-00', 23, '1', 'DFB', 'DFH', '2020-02-09', 1),
(12, 'Wooden Spoon', 50, 0, 3, '92', '2020-02-27', '', '0000-00-00', 20, '1', 'dfb', 'DFH', '2020-02-09', 1),
(13, 'Oyster Forks', 50, 0, 3, '92', '2020-02-27', '', '0000-00-00', 20, '1', 'DFG', '123', '2020-02-02', 1),
(14, 'Rice Bowl ', 50, 0, 3, '92', '2020-02-27', '', '0000-00-00', 20, '1', 'DFB', 'DFH', '2020-01-26', 1),
(15, 'Utility Bowl 6\" Ceramic', 50, 0, 3, '92', '2020-02-27', '', '0000-00-00', 20, '1', 'DFB', 'DFH', '2020-02-02', 1),
(16, 'item knife', 12, 0, 1, '92', '2020-02-28', '', '0000-00-00', 12, '1', '', '', '2020-02-27', 1),
(17, 'examplle', 10, 0, 1, '92', '2020-02-28', '', '0000-00-00', 1000, '1', '', '', '2020-02-20', 1),
(19, 'DSFGDS', 34, 0, 1, '92', '2020-03-05', '', '0000-00-00', 3, '1', '', '', '2020-03-01', 1),
(20, 'dgfhfdghfg', 45, 0, 1, '92', '2020-03-05', '', '0000-00-00', 45, '1', '', '', '2020-03-03', 1),
(21, 'gdfghdfghfgdhfg', 45, 0, 1, '92', '2020-03-05', '', '0000-00-00', 43, '1', '', '', '2020-03-02', 1),
(22, '43rb4', 34, 0, 1, '92', '2020-03-05', '', '0000-00-00', 34, '1', '', '', '2020-03-01', 1),
(23, 'test gold34', 34, 0, 1, '92', '2020-03-05', '', '0000-00-00', 34, '1', '', '', '2020-03-02', 1),
(24, '3434434', 34, 0, 1, '92', '2020-03-05', '', '0000-00-00', 34, '1', '', '', '2020-03-01', 1);

-- --------------------------------------------------------

--
-- Table structure for table `utensils_category`
--

CREATE TABLE `utensils_category` (
  `utensils_cat_id` int(100) NOT NULL,
  `category` varchar(50) NOT NULL
) ENGINE=InnoDB DEFAULT CHARSET=latin1;

--
-- Dumping data for table `utensils_category`
--

INSERT INTO `utensils_category` (`utensils_cat_id`, `category`) VALUES
(1, '   Knives/Peelers    s'),
(2, 'CAKE/BAKING/FRYING PANS'),
(3, 'SPOONS/FORKS/LADDLES');

--
-- Indexes for dumped tables
--

--
-- Indexes for table `account_type`
--
ALTER TABLE `account_type`
  ADD PRIMARY KEY (`id`);

--
-- Indexes for table `borrower_slip`
--
ALTER TABLE `borrower_slip`
  ADD PRIMARY KEY (`borrower_slip_id`);

--
-- Indexes for table `borrower_slip_details`
--
ALTER TABLE `borrower_slip_details`
  ADD PRIMARY KEY (`bsd_id`);

--
-- Indexes for table `breakages_and_damages`
--
ALTER TABLE `breakages_and_damages`
  ADD PRIMARY KEY (`bad_id`);

--
-- Indexes for table `crud`
--
ALTER TABLE `crud`
  ADD PRIMARY KEY (`id`);

--
-- Indexes for table `department`
--
ALTER TABLE `department`
  ADD PRIMARY KEY (`dept_id`);

--
-- Indexes for table `group_members`
--
ALTER TABLE `group_members`
  ADD PRIMARY KEY (`id`);

--
-- Indexes for table `group_table`
--
ALTER TABLE `group_table`
  ADD PRIMARY KEY (`group_id`);

--
-- Indexes for table `history`
--
ALTER TABLE `history`
  ADD PRIMARY KEY (`id`);

--
-- Indexes for table `incident_report_details`
--
ALTER TABLE `incident_report_details`
  ADD PRIMARY KEY (`ird_id`);

--
-- Indexes for table `inventory`
--
ALTER TABLE `inventory`
  ADD PRIMARY KEY (`inventory_control_id`);

--
-- Indexes for table `inventory_all_record`
--
ALTER TABLE `inventory_all_record`
  ADD PRIMARY KEY (`id`);

--
-- Indexes for table `inventory_storage`
--
ALTER TABLE `inventory_storage`
  ADD PRIMARY KEY (`id`);

--
-- Indexes for table `new_arrival_utensils`
--
ALTER TABLE `new_arrival_utensils`
  ADD PRIMARY KEY (`new_arvl_id`);

--
-- Indexes for table `notification`
--
ALTER TABLE `notification`
  ADD PRIMARY KEY (`id`);

--
-- Indexes for table `notification_control`
--
ALTER TABLE `notification_control`
  ADD PRIMARY KEY (`notif_control_id`);

--
-- Indexes for table `notification_type`
--
ALTER TABLE `notification_type`
  ADD PRIMARY KEY (`notif_type_id`);

--
-- Indexes for table `pin`
--
ALTER TABLE `pin`
  ADD PRIMARY KEY (`id`);

--
-- Indexes for table `reports`
--
ALTER TABLE `reports`
  ADD PRIMARY KEY (`report_id`);

--
-- Indexes for table `report_date_control`
--
ALTER TABLE `report_date_control`
  ADD PRIMARY KEY (`rd_control_id`);

--
-- Indexes for table `report_type`
--
ALTER TABLE `report_type`
  ADD PRIMARY KEY (`report_type_id`);

--
-- Indexes for table `request_status`
--
ALTER TABLE `request_status`
  ADD PRIMARY KEY (`status_id`);

--
-- Indexes for table `storage`
--
ALTER TABLE `storage`
  ADD PRIMARY KEY (`storage_id`);

--
-- Indexes for table `storage_stocks`
--
ALTER TABLE `storage_stocks`
  ADD PRIMARY KEY (`id`);

--
-- Indexes for table `tasks`
--
ALTER TABLE `tasks`
  ADD PRIMARY KEY (`id`);

--
-- Indexes for table `umsr`
--
ALTER TABLE `umsr`
  ADD PRIMARY KEY (`id`);

--
-- Indexes for table `users`
--
ALTER TABLE `users`
  ADD PRIMARY KEY (`user_id`),
  ADD KEY `dept_id` (`dept_id`);

--
-- Indexes for table `user_settings`
--
ALTER TABLE `user_settings`
  ADD UNIQUE KEY `user_id_3` (`user_id`),
  ADD KEY `user_id` (`user_id`),
  ADD KEY `user_id_2` (`user_id`);

--
-- Indexes for table `utensils`
--
ALTER TABLE `utensils`
  ADD PRIMARY KEY (`utensils_id`);

--
-- Indexes for table `utensils_category`
--
ALTER TABLE `utensils_category`
  ADD PRIMARY KEY (`utensils_cat_id`);

--
-- AUTO_INCREMENT for dumped tables
--

--
-- AUTO_INCREMENT for table `account_type`
--
ALTER TABLE `account_type`
  MODIFY `id` int(50) NOT NULL AUTO_INCREMENT, AUTO_INCREMENT=8;

--
-- AUTO_INCREMENT for table `borrower_slip`
--
ALTER TABLE `borrower_slip`
  MODIFY `borrower_slip_id` int(100) NOT NULL AUTO_INCREMENT, AUTO_INCREMENT=20;

--
-- AUTO_INCREMENT for table `borrower_slip_details`
--
ALTER TABLE `borrower_slip_details`
  MODIFY `bsd_id` int(100) NOT NULL AUTO_INCREMENT, AUTO_INCREMENT=61;

--
-- AUTO_INCREMENT for table `breakages_and_damages`
--
ALTER TABLE `breakages_and_damages`
  MODIFY `bad_id` int(100) NOT NULL AUTO_INCREMENT, AUTO_INCREMENT=4;

--
-- AUTO_INCREMENT for table `crud`
--
ALTER TABLE `crud`
  MODIFY `id` int(11) NOT NULL AUTO_INCREMENT;

--
-- AUTO_INCREMENT for table `department`
--
ALTER TABLE `department`
  MODIFY `dept_id` int(100) NOT NULL AUTO_INCREMENT, AUTO_INCREMENT=8;

--
-- AUTO_INCREMENT for table `group_members`
--
ALTER TABLE `group_members`
  MODIFY `id` int(50) NOT NULL AUTO_INCREMENT, AUTO_INCREMENT=27;

--
-- AUTO_INCREMENT for table `group_table`
--
ALTER TABLE `group_table`
  MODIFY `group_id` int(100) NOT NULL AUTO_INCREMENT, AUTO_INCREMENT=20;

--
-- AUTO_INCREMENT for table `history`
--
ALTER TABLE `history`
  MODIFY `id` int(50) NOT NULL AUTO_INCREMENT, AUTO_INCREMENT=29;

--
-- AUTO_INCREMENT for table `incident_report_details`
--
ALTER TABLE `incident_report_details`
  MODIFY `ird_id` int(50) NOT NULL AUTO_INCREMENT, AUTO_INCREMENT=4;

--
-- AUTO_INCREMENT for table `inventory`
--
ALTER TABLE `inventory`
  MODIFY `inventory_control_id` int(100) NOT NULL AUTO_INCREMENT, AUTO_INCREMENT=21;

--
-- AUTO_INCREMENT for table `inventory_all_record`
--
ALTER TABLE `inventory_all_record`
  MODIFY `id` int(100) NOT NULL AUTO_INCREMENT, AUTO_INCREMENT=1041;

--
-- AUTO_INCREMENT for table `inventory_storage`
--
ALTER TABLE `inventory_storage`
  MODIFY `id` int(100) NOT NULL AUTO_INCREMENT, AUTO_INCREMENT=4828;

--
-- AUTO_INCREMENT for table `new_arrival_utensils`
--
ALTER TABLE `new_arrival_utensils`
  MODIFY `new_arvl_id` int(100) NOT NULL AUTO_INCREMENT, AUTO_INCREMENT=34;

--
-- AUTO_INCREMENT for table `notification`
--
ALTER TABLE `notification`
  MODIFY `id` int(50) NOT NULL AUTO_INCREMENT, AUTO_INCREMENT=605;

--
-- AUTO_INCREMENT for table `notification_control`
--
ALTER TABLE `notification_control`
  MODIFY `notif_control_id` int(100) NOT NULL AUTO_INCREMENT, AUTO_INCREMENT=40;

--
-- AUTO_INCREMENT for table `pin`
--
ALTER TABLE `pin`
  MODIFY `id` int(50) NOT NULL AUTO_INCREMENT, AUTO_INCREMENT=20;

--
-- AUTO_INCREMENT for table `reports`
--
ALTER TABLE `reports`
  MODIFY `report_id` int(50) NOT NULL AUTO_INCREMENT, AUTO_INCREMENT=4;

--
-- AUTO_INCREMENT for table `report_date_control`
--
ALTER TABLE `report_date_control`
  MODIFY `rd_control_id` int(100) NOT NULL AUTO_INCREMENT, AUTO_INCREMENT=4;

--
-- AUTO_INCREMENT for table `report_type`
--
ALTER TABLE `report_type`
  MODIFY `report_type_id` int(50) NOT NULL AUTO_INCREMENT, AUTO_INCREMENT=4;

--
-- AUTO_INCREMENT for table `storage`
--
ALTER TABLE `storage`
  MODIFY `storage_id` int(100) NOT NULL AUTO_INCREMENT, AUTO_INCREMENT=19;

--
-- AUTO_INCREMENT for table `storage_stocks`
--
ALTER TABLE `storage_stocks`
  MODIFY `id` int(50) NOT NULL AUTO_INCREMENT, AUTO_INCREMENT=253;

--
-- AUTO_INCREMENT for table `tasks`
--
ALTER TABLE `tasks`
  MODIFY `id` int(50) NOT NULL AUTO_INCREMENT, AUTO_INCREMENT=10;

--
-- AUTO_INCREMENT for table `umsr`
--
ALTER TABLE `umsr`
  MODIFY `id` int(11) NOT NULL AUTO_INCREMENT, AUTO_INCREMENT=2;

--
-- AUTO_INCREMENT for table `users`
--
ALTER TABLE `users`
  MODIFY `user_id` int(100) NOT NULL AUTO_INCREMENT, AUTO_INCREMENT=137;

--
-- AUTO_INCREMENT for table `utensils`
--
ALTER TABLE `utensils`
  MODIFY `utensils_id` int(100) NOT NULL AUTO_INCREMENT, AUTO_INCREMENT=34;

--
-- AUTO_INCREMENT for table `utensils_category`
--
ALTER TABLE `utensils_category`
  MODIFY `utensils_cat_id` int(100) NOT NULL AUTO_INCREMENT, AUTO_INCREMENT=31;

--
-- Constraints for dumped tables
--

--
-- Constraints for table `users`
--
ALTER TABLE `users`
  ADD CONSTRAINT `users_ibfk_1` FOREIGN KEY (`dept_id`) REFERENCES `department` (`dept_id`);

--
-- Constraints for table `user_settings`
--
ALTER TABLE `user_settings`
  ADD CONSTRAINT `user_settings_ibfk_1` FOREIGN KEY (`user_id`) REFERENCES `users` (`user_id`);
COMMIT;

/*!40101 SET CHARACTER_SET_CLIENT=@OLD_CHARACTER_SET_CLIENT */;
/*!40101 SET CHARACTER_SET_RESULTS=@OLD_CHARACTER_SET_RESULTS */;
/*!40101 SET COLLATION_CONNECTION=@OLD_COLLATION_CONNECTION */;
