-- phpMyAdmin SQL Dump
-- version 4.9.2
-- https://www.phpmyadmin.net/
--
-- Host: 127.0.0.1
-- Generation Time: Feb 10, 2020 at 06:25 AM
-- Server version: 10.4.11-MariaDB
-- PHP Version: 7.4.1

SET SQL_MODE = "NO_AUTO_VALUE_ON_ZERO";
SET AUTOCOMMIT = 0;
START TRANSACTION;
SET time_zone = "+00:00";


/*!40101 SET @OLD_CHARACTER_SET_CLIENT=@@CHARACTER_SET_CLIENT */;
/*!40101 SET @OLD_CHARACTER_SET_RESULTS=@@CHARACTER_SET_RESULTS */;
/*!40101 SET @OLD_COLLATION_CONNECTION=@@COLLATION_CONNECTION */;
/*!40101 SET NAMES utf8mb4 */;

--
-- Database: `clicku`
--

-- --------------------------------------------------------

--
-- Table structure for table `account_type`
--

CREATE TABLE `account_type` (
  `id` int(50) NOT NULL,
  `account_type_name` varchar(50) NOT NULL
) ENGINE=InnoDB DEFAULT CHARSET=latin1;

--
-- Dumping data for table `account_type`
--

INSERT INTO `account_type` (`id`, `account_type_name`) VALUES
(1, 'Dean'),
(2, 'Dean Assistant'),
(3, 'General Storage In Charge'),
(4, 'Kitchen Staff'),
(5, 'Working Student'),
(6, 'Teacher'),
(7, 'Student');

-- --------------------------------------------------------

--
-- Table structure for table `borrower_slip`
--

CREATE TABLE `borrower_slip` (
  `borrower_slip_id` int(100) NOT NULL,
  `group_id` int(100) NOT NULL,
  `date_performed` date NOT NULL,
  `time_performed` time NOT NULL,
  `date_requested` datetime NOT NULL,
  `date_approved` datetime NOT NULL,
  `date_cancelled` datetime NOT NULL,
  `date_modified` datetime NOT NULL,
  `date_received` datetime NOT NULL,
  `added_by` int(100) NOT NULL,
  `modified_by` int(50) NOT NULL,
  `aprvd_n_rlsd_by` int(50) NOT NULL,
  `received_by` varchar(50) NOT NULL,
  `storage_id` int(50) NOT NULL,
  `status` varchar(50) NOT NULL
) ENGINE=InnoDB DEFAULT CHARSET=latin1;

--
-- Dumping data for table `borrower_slip`
--

INSERT INTO `borrower_slip` (`borrower_slip_id`, `group_id`, `date_performed`, `time_performed`, `date_requested`, `date_approved`, `date_cancelled`, `date_modified`, `date_received`, `added_by`, `modified_by`, `aprvd_n_rlsd_by`, `received_by`, `storage_id`, `status`) VALUES
(1, 21, '0000-00-00', '00:00:00', '2020-02-09 08:45:52', '2020-02-09 08:59:26', '0000-00-00 00:00:00', '2020-02-09 09:00:10', '0000-00-00 00:00:00', 95, 0, 92, 'To receive..', 1, '7'),
(2, 22, '0000-00-00', '00:00:00', '2020-02-09 09:04:54', '2020-02-09 09:05:18', '0000-00-00 00:00:00', '2020-02-09 09:05:23', '2020-02-09 09:27:02', 95, 0, 92, '92', 1, '5'),
(3, 23, '0000-00-00', '00:00:00', '2020-02-09 09:10:06', '2020-02-09 09:10:16', '0000-00-00 00:00:00', '2020-02-09 09:10:24', '0000-00-00 00:00:00', 95, 0, 92, 'To receive..', 1, '7'),
(4, 24, '0000-00-00', '00:00:00', '2020-02-09 09:35:42', '2020-02-09 09:36:00', '0000-00-00 00:00:00', '2020-02-09 09:36:07', '2020-02-09 09:36:56', 95, 0, 93, '93', 2, '5'),
(5, 25, '0000-00-00', '00:00:00', '2020-02-09 16:33:24', '2020-02-09 22:46:46', '0000-00-00 00:00:00', '2020-02-09 22:46:53', '0000-00-00 00:00:00', 95, 0, 92, 'To receive..', 1, '6'),
(6, 26, '0000-00-00', '00:00:00', '2020-02-10 00:22:08', '2020-02-10 00:23:06', '0000-00-00 00:00:00', '0000-00-00 00:00:00', '0000-00-00 00:00:00', 95, 0, 92, '0', 1, '2');

-- --------------------------------------------------------

--
-- Table structure for table `borrower_slip_details`
--

CREATE TABLE `borrower_slip_details` (
  `bsd_id` int(100) NOT NULL,
  `borrower_slip_id` int(100) NOT NULL,
  `utensils_id` int(100) NOT NULL,
  `storage_id` int(50) NOT NULL,
  `qty` int(100) NOT NULL,
  `on_use` int(100) NOT NULL,
  `reserved_qty` int(50) NOT NULL,
  `returned` varchar(100) NOT NULL,
  `date_returned` date NOT NULL,
  `remarks` varchar(50) NOT NULL
) ENGINE=InnoDB DEFAULT CHARSET=latin1;

--
-- Dumping data for table `borrower_slip_details`
--

INSERT INTO `borrower_slip_details` (`bsd_id`, `borrower_slip_id`, `utensils_id`, `storage_id`, `qty`, `on_use`, `reserved_qty`, `returned`, `date_returned`, `remarks`) VALUES
(1, 1, 4, 1, 3, 0, 0, '1', '2020-02-09', '0'),
(2, 1, 1, 1, 1, 0, 0, '0', '2020-02-09', '0'),
(3, 2, 2, 1, 1, 0, 0, '1', '0000-00-00', '0'),
(4, 3, 6, 1, 1, 0, 0, '1', '2020-02-09', '0'),
(5, 3, 7, 1, 2, 0, 0, '0', '2020-02-09', '0'),
(6, 3, 3, 1, 1, 0, 0, '0', '2020-02-09', '0'),
(7, 4, 7, 2, 1, 0, 0, '1', '0000-00-00', '0'),
(8, 4, 8, 2, 2, 0, 0, '2', '0000-00-00', '0'),
(9, 4, 4, 2, 1, 0, 0, '1', '0000-00-00', '0'),
(10, 4, 1, 2, 1, 0, 0, '1', '0000-00-00', '0'),
(11, 5, 1, 1, 1, 0, 0, '0', '2020-02-09', '1'),
(12, 6, 7, 1, 2, 2, 0, '', '0000-00-00', '0'),
(13, 6, 8, 1, 2, 2, 0, '', '0000-00-00', '0'),
(14, 6, 1, 1, 2, 2, 0, '', '0000-00-00', '0');

-- --------------------------------------------------------

--
-- Table structure for table `breakages_and_damages`
--

CREATE TABLE `breakages_and_damages` (
  `bad_id` int(100) NOT NULL,
  `borrower_slip_id` int(50) NOT NULL,
  `utensils_id` int(50) NOT NULL,
  `lost_qty` int(50) NOT NULL,
  `damaged_qty` int(50) NOT NULL,
  `reported_by` varchar(50) NOT NULL,
  `approved_by` varchar(50) NOT NULL,
  `note` varchar(50) NOT NULL,
  `date_reported` datetime NOT NULL,
  `date_replaced` datetime NOT NULL
) ENGINE=InnoDB DEFAULT CHARSET=latin1;

--
-- Dumping data for table `breakages_and_damages`
--

INSERT INTO `breakages_and_damages` (`bad_id`, `borrower_slip_id`, `utensils_id`, `lost_qty`, `damaged_qty`, `reported_by`, `approved_by`, `note`, `date_reported`, `date_replaced`) VALUES
(1, 1, 1, 0, 1, '92', '92', '', '2020-02-09 09:00:50', '2020-02-09 09:15:39'),
(2, 1, 4, 1, 1, '92', '92', '', '2020-02-09 09:00:50', '2020-02-09 09:15:39'),
(3, 3, 3, 1, 0, '92', '92', '', '2020-02-09 09:11:45', '2020-02-09 09:25:20'),
(4, 3, 7, 1, 1, '92', '92', '', '2020-02-09 09:11:45', '2020-02-09 09:25:20'),
(5, 5, 1, 1, 0, '92', '', '', '2020-02-09 22:47:12', '0000-00-00 00:00:00');

-- --------------------------------------------------------

--
-- Table structure for table `department`
--

CREATE TABLE `department` (
  `dept_id` int(100) NOT NULL,
  `dept_name` varchar(50) NOT NULL
) ENGINE=InnoDB DEFAULT CHARSET=latin1;

--
-- Dumping data for table `department`
--

INSERT INTO `department` (`dept_id`, `dept_name`) VALUES
(1, 'IT'),
(2, 'HRM'),
(4, 'CCS'),
(5, 'CBA'),
(6, 'CHM');

-- --------------------------------------------------------

--
-- Table structure for table `group_members`
--

CREATE TABLE `group_members` (
  `id` int(50) NOT NULL,
  `group_id` int(50) NOT NULL,
  `user_id` int(50) NOT NULL,
  `added_by` int(50) NOT NULL,
  `date_added` datetime NOT NULL
) ENGINE=InnoDB DEFAULT CHARSET=latin1;

--
-- Dumping data for table `group_members`
--

INSERT INTO `group_members` (`id`, `group_id`, `user_id`, `added_by`, `date_added`) VALUES
(1, 1, 95, 95, '2020-02-07 08:43:48'),
(2, 2, 95, 95, '2020-02-07 08:49:30'),
(3, 3, 95, 95, '2020-02-07 08:50:55'),
(4, 4, 95, 95, '2020-02-07 08:53:02'),
(5, 5, 95, 95, '2020-02-07 09:08:47'),
(6, 6, 95, 95, '2020-02-07 09:10:29'),
(7, 7, 95, 95, '2020-02-07 09:53:58'),
(8, 8, 95, 95, '2020-02-07 09:56:44'),
(9, 9, 95, 95, '2020-02-07 16:25:29'),
(10, 10, 95, 95, '2020-02-07 16:48:29'),
(11, 11, 95, 95, '2020-02-07 16:54:00'),
(12, 12, 95, 95, '2020-02-07 17:06:32'),
(13, 13, 95, 95, '2020-02-07 17:14:01'),
(14, 14, 95, 95, '2020-02-07 17:57:19'),
(15, 15, 95, 95, '2020-02-07 18:11:42'),
(16, 16, 95, 95, '2020-02-07 18:11:54'),
(17, 17, 95, 95, '2020-02-07 18:56:58'),
(18, 18, 95, 95, '2020-02-07 21:04:33'),
(19, 19, 95, 95, '2020-02-08 10:34:52'),
(20, 20, 95, 95, '2020-02-08 14:59:22'),
(21, 21, 95, 95, '2020-02-09 08:45:52'),
(22, 22, 95, 95, '2020-02-09 09:04:54'),
(23, 23, 95, 95, '2020-02-09 09:10:06'),
(24, 24, 95, 95, '2020-02-09 09:35:42'),
(25, 25, 95, 95, '2020-02-09 16:33:24'),
(26, 25, 96, 95, '2020-02-09 16:33:24'),
(27, 26, 95, 95, '2020-02-10 00:22:08');

-- --------------------------------------------------------

--
-- Table structure for table `group_table`
--

CREATE TABLE `group_table` (
  `group_id` int(100) NOT NULL,
  `group_name` varchar(50) DEFAULT NULL,
  `group_leader_id` int(50) NOT NULL,
  `faculty_id` int(50) NOT NULL
) ENGINE=InnoDB DEFAULT CHARSET=latin1;

--
-- Dumping data for table `group_table`
--

INSERT INTO `group_table` (`group_id`, `group_name`, `group_leader_id`, `faculty_id`) VALUES
(1, NULL, 0, 94),
(2, NULL, 0, 94),
(3, NULL, 0, 94),
(4, NULL, 0, 94),
(5, NULL, 0, 94),
(6, NULL, 0, 94),
(7, NULL, 0, 94),
(8, NULL, 0, 94),
(9, NULL, 0, 94),
(10, NULL, 0, 94),
(11, NULL, 0, 94),
(12, NULL, 0, 94),
(13, NULL, 0, 94),
(14, NULL, 0, 94),
(15, NULL, 0, 94),
(16, NULL, 0, 94),
(17, NULL, 0, 94),
(18, NULL, 0, 94),
(19, NULL, 0, 94),
(20, NULL, 0, 94),
(21, NULL, 0, 94),
(22, NULL, 0, 94),
(23, NULL, 0, 94),
(24, NULL, 0, 94),
(25, 'TRES N PEACE', 95, 94),
(26, NULL, 0, 94);

-- --------------------------------------------------------

--
-- Table structure for table `history`
--

CREATE TABLE `history` (
  `id` int(50) NOT NULL,
  `date_added` datetime NOT NULL,
  `user_id` int(50) NOT NULL,
  `trans_id` int(50) NOT NULL,
  `storage_id` int(50) NOT NULL,
  `history_type_id` int(50) NOT NULL
) ENGINE=InnoDB DEFAULT CHARSET=latin1;

--
-- Dumping data for table `history`
--

INSERT INTO `history` (`id`, `date_added`, `user_id`, `trans_id`, `storage_id`, `history_type_id`) VALUES
(1, '2020-02-07 08:43:48', 95, 1, 1, 1),
(2, '2020-02-07 08:43:56', 92, 1, 1, 1),
(3, '2020-02-07 08:49:30', 95, 2, 1, 1),
(4, '2020-02-07 08:49:48', 92, 2, 1, 1),
(5, '2020-02-07 08:50:55', 95, 3, 1, 1),
(6, '2020-02-07 08:51:03', 92, 3, 1, 1),
(7, '2020-02-07 08:53:02', 95, 4, 1, 1),
(8, '2020-02-07 09:08:47', 95, 5, 2, 1),
(9, '2020-02-07 09:09:52', 92, 4, 1, 1),
(10, '2020-02-07 09:10:30', 95, 6, 1, 1),
(11, '2020-02-07 09:10:39', 92, 6, 1, 1),
(12, '2020-02-07 09:51:25', 92, 3, 1, 3),
(13, '2020-02-07 09:51:31', 92, 4, 1, 3),
(14, '2020-02-07 09:53:58', 95, 7, 1, 1),
(15, '2020-02-07 09:54:51', 92, 7, 1, 1),
(16, '2020-02-07 09:55:30', 92, 7, 1, 3),
(17, '2020-02-07 09:56:44', 95, 8, 1, 1),
(18, '2020-02-07 09:57:54', 92, 8, 1, 1),
(19, '2020-02-07 09:58:28', 92, 8, 1, 4),
(20, '2020-02-07 16:25:29', 95, 9, 1, 1),
(21, '2020-02-07 16:48:29', 95, 10, 1, 1),
(22, '2020-02-07 16:54:00', 95, 11, 1, 1),
(23, '2020-02-07 16:59:58', 92, 11, 1, 1),
(24, '2020-02-07 17:06:32', 95, 12, 1, 1),
(25, '2020-02-07 17:06:45', 92, 12, 1, 1),
(26, '2020-02-07 17:12:34', 92, 12, 1, 3),
(27, '2020-02-07 17:14:01', 95, 13, 1, 1),
(28, '2020-02-07 17:14:23', 92, 13, 1, 1),
(29, '2020-02-07 17:45:54', 92, 13, 1, 4),
(30, '2020-02-07 17:56:09', 92, 13, 1, 5),
(31, '2020-02-07 17:57:19', 95, 14, 1, 1),
(32, '2020-02-07 17:57:31', 92, 14, 1, 1),
(33, '2020-02-07 18:02:59', 92, 14, 1, 4),
(34, '2020-02-07 18:11:42', 95, 15, 1, 1),
(35, '2020-02-07 18:11:54', 95, 16, 1, 1),
(36, '2020-02-07 18:12:05', 92, 16, 1, 1),
(37, '2020-02-07 18:13:05', 92, 16, 1, 4),
(38, '2020-02-07 18:56:58', 95, 17, 1, 1),
(39, '2020-02-07 18:57:10', 92, 17, 1, 1),
(40, '2020-02-07 21:04:34', 95, 18, 1, 1),
(41, '2020-02-07 21:04:44', 92, 18, 1, 1),
(42, '2020-02-07 21:22:56', 92, 18, 1, 4),
(43, '2020-02-07 21:23:32', 92, 18, 1, 5),
(44, '2020-02-08 10:34:52', 95, 19, 1, 1),
(45, '2020-02-08 10:35:02', 92, 19, 1, 1),
(46, '2020-02-08 10:35:58', 92, 19, 1, 4),
(47, '2020-02-08 14:59:22', 95, 1, 1, 1),
(48, '2020-02-08 14:59:45', 92, 1, 1, 1),
(49, '2020-02-09 08:45:52', 95, 1, 1, 1),
(50, '2020-02-09 08:59:26', 92, 1, 1, 1),
(51, '2020-02-09 09:00:50', 92, 1, 1, 4),
(52, '2020-02-09 09:04:54', 95, 2, 1, 1),
(53, '2020-02-09 09:05:18', 92, 2, 1, 1),
(54, '2020-02-09 09:10:06', 95, 3, 1, 1),
(55, '2020-02-09 09:10:16', 92, 3, 1, 1),
(56, '2020-02-09 09:11:45', 92, 3, 1, 4),
(57, '2020-02-09 09:15:39', 92, 1, 1, 5),
(58, '2020-02-09 09:25:20', 92, 3, 1, 5),
(59, '2020-02-09 09:27:02', 92, 2, 1, 3),
(60, '2020-02-09 09:35:42', 95, 4, 2, 1),
(61, '2020-02-09 09:36:00', 93, 4, 2, 1),
(62, '2020-02-09 09:36:56', 93, 4, 2, 3),
(63, '2020-02-09 16:33:24', 95, 5, 1, 1),
(64, '2020-02-09 22:46:46', 92, 5, 1, 1),
(65, '2020-02-09 22:47:12', 92, 5, 1, 4),
(66, '2020-02-10 00:22:08', 95, 6, 1, 1),
(67, '2020-02-10 00:23:06', 92, 6, 1, 1);

-- --------------------------------------------------------

--
-- Table structure for table `inventory`
--

CREATE TABLE `inventory` (
  `inventory_control_id` int(100) NOT NULL,
  `date_added` date NOT NULL
) ENGINE=InnoDB DEFAULT CHARSET=utf8mb4;

--
-- Dumping data for table `inventory`
--

INSERT INTO `inventory` (`inventory_control_id`, `date_added`) VALUES
(1, '2020-02-08'),
(2, '2020-02-07'),
(3, '2020-02-06'),
(4, '2020-02-09'),
(5, '2020-02-10');

-- --------------------------------------------------------

--
-- Table structure for table `inventory_all_record`
--

CREATE TABLE `inventory_all_record` (
  `id` int(100) NOT NULL,
  `inventory_control_id` int(11) NOT NULL,
  `utensils_id` int(11) NOT NULL,
  `original_stock` int(100) NOT NULL,
  `remain_stock` int(100) NOT NULL
) ENGINE=InnoDB DEFAULT CHARSET=utf8mb4;

--
-- Dumping data for table `inventory_all_record`
--

INSERT INTO `inventory_all_record` (`id`, `inventory_control_id`, `utensils_id`, `original_stock`, `remain_stock`) VALUES
(82, 1, 1, 100, 30),
(83, 1, 2, 100, 30),
(84, 1, 3, 100, 40),
(85, 1, 4, 100, 30),
(86, 1, 5, 100, 20),
(87, 1, 6, 100, 40),
(88, 1, 7, 100, 40),
(89, 1, 8, 100, 30),
(90, 1, 9, 100, 40),
(91, 1, 10, 100, 30),
(92, 1, 11, 100, 100),
(93, 1, 12, 100, 100),
(94, 1, 13, 100, 100),
(95, 2, 1, 100, 30),
(96, 2, 2, 100, 30),
(97, 2, 3, 100, 40),
(98, 2, 4, 100, 30),
(99, 2, 5, 100, 20),
(100, 2, 6, 100, 40),
(101, 2, 7, 100, 40),
(102, 2, 8, 100, 30),
(103, 2, 9, 100, 40),
(104, 2, 10, 100, 30),
(105, 2, 11, 100, 100),
(106, 2, 12, 100, 100),
(107, 2, 13, 100, 100),
(108, 3, 1, 100, 30),
(109, 3, 2, 100, 30),
(110, 3, 3, 100, 40),
(111, 3, 4, 100, 30),
(112, 3, 5, 100, 20),
(113, 3, 6, 100, 40),
(114, 3, 7, 100, 40),
(115, 3, 8, 100, 30),
(116, 3, 9, 100, 40),
(117, 3, 10, 100, 30),
(118, 3, 11, 100, 100),
(119, 3, 12, 100, 100),
(120, 3, 13, 100, 100),
(121, 4, 1, 100, 30),
(122, 4, 2, 100, 30),
(123, 4, 3, 100, 40),
(124, 4, 4, 100, 30),
(125, 4, 5, 100, 20),
(126, 4, 6, 100, 40),
(127, 4, 7, 100, 40),
(128, 4, 8, 100, 30),
(129, 4, 9, 100, 40),
(130, 4, 10, 100, 30),
(131, 4, 11, 100, 100),
(132, 4, 12, 100, 100),
(133, 4, 13, 100, 100),
(134, 5, 1, 100, 30),
(135, 5, 2, 100, 30),
(136, 5, 3, 100, 40),
(137, 5, 4, 100, 30),
(138, 5, 5, 100, 20),
(139, 5, 6, 100, 40),
(140, 5, 7, 100, 40),
(141, 5, 8, 100, 30),
(142, 5, 9, 100, 40),
(143, 5, 10, 100, 30),
(144, 5, 11, 100, 100),
(145, 5, 12, 100, 100),
(146, 5, 13, 100, 100);

-- --------------------------------------------------------

--
-- Table structure for table `inventory_storage`
--

CREATE TABLE `inventory_storage` (
  `id` int(100) NOT NULL,
  `inventory_control_id` int(100) NOT NULL,
  `utensils_id` int(100) NOT NULL,
  `storage_id` int(100) NOT NULL,
  `original_stock` int(100) NOT NULL,
  `stock_remain` int(100) NOT NULL,
  `lost_qty` int(50) NOT NULL,
  `damaged_qty` int(50) NOT NULL,
  `reserved_qty` int(50) NOT NULL,
  `on_use` int(50) NOT NULL
) ENGINE=InnoDB DEFAULT CHARSET=utf8mb4;

--
-- Dumping data for table `inventory_storage`
--

INSERT INTO `inventory_storage` (`id`, `inventory_control_id`, `utensils_id`, `storage_id`, `original_stock`, `stock_remain`, `lost_qty`, `damaged_qty`, `reserved_qty`, `on_use`) VALUES
(433, 1, 1, 1, 20, 20, 0, 0, 0, 0),
(434, 1, 1, 2, 10, 10, 0, 0, 0, 0),
(435, 1, 1, 3, 10, 10, 0, 0, 0, 0),
(436, 1, 1, 4, 10, 10, 0, 0, 0, 0),
(437, 1, 1, 5, 10, 10, 0, 0, 0, 0),
(438, 1, 1, 6, 10, 10, 0, 0, 0, 0),
(439, 1, 2, 6, 10, 10, 0, 0, 0, 0),
(440, 1, 2, 5, 10, 10, 0, 0, 0, 0),
(441, 1, 2, 4, 10, 10, 0, 0, 0, 0),
(442, 1, 2, 3, 20, 20, 0, 0, 0, 0),
(443, 1, 2, 2, 10, 10, 0, 0, 0, 0),
(444, 1, 2, 1, 10, 10, 0, 0, 0, 0),
(445, 1, 3, 6, 10, 10, 0, 0, 0, 0),
(446, 1, 3, 5, 10, 10, 0, 0, 0, 0),
(447, 1, 3, 4, 10, 10, 0, 0, 0, 0),
(448, 1, 3, 3, 10, 10, 0, 0, 0, 0),
(449, 1, 3, 2, 10, 10, 0, 0, 0, 0),
(450, 1, 3, 1, 10, 10, 0, 0, 0, 0),
(451, 1, 4, 6, 10, 10, 0, 0, 0, 0),
(452, 1, 4, 5, 10, 10, 0, 0, 0, 0),
(453, 1, 4, 4, 10, 10, 0, 0, 0, 0),
(454, 1, 4, 3, 10, 10, 0, 0, 0, 0),
(455, 1, 4, 2, 10, 10, 0, 0, 0, 0),
(456, 1, 4, 1, 20, 20, 0, 0, 0, 0),
(457, 1, 5, 6, 10, 10, 0, 0, 0, 0),
(458, 1, 5, 5, 20, 20, 0, 0, 0, 0),
(459, 1, 5, 4, 20, 20, 0, 0, 0, 0),
(460, 1, 5, 3, 10, 10, 0, 0, 0, 0),
(461, 1, 5, 2, 10, 10, 0, 0, 0, 0),
(462, 1, 5, 1, 10, 10, 0, 0, 0, 0),
(463, 1, 6, 6, 0, 0, 0, 0, 0, 0),
(464, 1, 6, 5, 10, 10, 0, 0, 0, 0),
(465, 1, 6, 4, 0, 0, 0, 0, 0, 0),
(466, 1, 6, 3, 10, 10, 0, 0, 0, 0),
(467, 1, 6, 2, 20, 20, 0, 0, 0, 0),
(468, 1, 6, 1, 20, 20, 0, 0, 0, 0),
(469, 1, 7, 6, 0, 0, 0, 0, 0, 0),
(470, 1, 7, 5, 10, 10, 0, 0, 0, 0),
(471, 1, 7, 4, 10, 10, 0, 0, 0, 0),
(472, 1, 7, 3, 10, 10, 0, 0, 0, 0),
(473, 1, 7, 2, 10, 10, 0, 0, 0, 0),
(474, 1, 7, 1, 20, 20, 0, 0, 0, 0),
(475, 1, 8, 6, 10, 10, 0, 0, 0, 0),
(476, 1, 8, 5, 10, 10, 0, 0, 0, 0),
(477, 1, 8, 4, 20, 20, 0, 0, 0, 0),
(478, 1, 8, 3, 10, 10, 0, 0, 0, 0),
(479, 1, 8, 2, 10, 10, 0, 0, 0, 0),
(480, 1, 8, 1, 10, 10, 0, 0, 0, 0),
(481, 1, 9, 6, 0, 0, 0, 0, 0, 0),
(482, 1, 9, 5, 10, 10, 0, 0, 0, 0),
(483, 1, 9, 4, 10, 10, 0, 0, 0, 0),
(484, 1, 9, 3, 10, 10, 0, 0, 0, 0),
(485, 1, 9, 2, 10, 10, 0, 0, 0, 0),
(486, 1, 9, 1, 20, 20, 0, 0, 0, 0),
(487, 1, 10, 6, 10, 10, 0, 0, 0, 0),
(488, 1, 10, 5, 10, 10, 0, 0, 0, 0),
(489, 1, 10, 4, 10, 10, 0, 0, 0, 0),
(490, 1, 10, 3, 10, 10, 0, 0, 0, 0),
(491, 1, 10, 2, 20, 20, 0, 0, 0, 0),
(492, 1, 10, 1, 10, 10, 0, 0, 0, 0),
(493, 1, 11, 6, 0, 0, 0, 0, 0, 0),
(494, 1, 11, 5, 0, 0, 0, 0, 0, 0),
(495, 1, 11, 4, 0, 0, 0, 0, 0, 0),
(496, 1, 11, 3, 0, 0, 0, 0, 0, 0),
(497, 1, 11, 2, 0, 0, 0, 0, 0, 0),
(498, 1, 11, 1, 0, 0, 0, 0, 0, 0),
(499, 1, 12, 6, 0, 0, 0, 0, 0, 0),
(500, 1, 12, 5, 0, 0, 0, 0, 0, 0),
(501, 1, 12, 4, 0, 0, 0, 0, 0, 0),
(502, 1, 12, 3, 0, 0, 0, 0, 0, 0),
(503, 1, 12, 2, 0, 0, 0, 0, 0, 0),
(504, 1, 12, 1, 0, 0, 0, 0, 0, 0),
(505, 1, 13, 1, 0, 0, 0, 0, 0, 0),
(506, 1, 13, 2, 0, 0, 0, 0, 0, 0),
(507, 1, 13, 3, 0, 0, 0, 0, 0, 0),
(508, 1, 13, 4, 0, 0, 0, 0, 0, 0),
(509, 1, 13, 5, 0, 0, 0, 0, 0, 0),
(510, 1, 13, 6, 0, 0, 0, 0, 0, 0),
(511, 2, 1, 1, 20, 20, 0, 0, 0, 0),
(512, 2, 1, 2, 10, 10, 0, 0, 0, 0),
(513, 2, 1, 3, 10, 10, 0, 0, 0, 0),
(514, 2, 1, 4, 10, 10, 0, 0, 0, 0),
(515, 2, 1, 5, 10, 10, 0, 0, 0, 0),
(516, 2, 1, 6, 10, 10, 0, 0, 0, 0),
(517, 2, 2, 1, 10, 9, 0, 0, 0, 1),
(518, 2, 2, 2, 10, 10, 0, 0, 0, 0),
(519, 2, 2, 3, 20, 20, 0, 0, 0, 0),
(520, 2, 2, 4, 10, 10, 0, 0, 0, 0),
(521, 2, 2, 5, 10, 10, 0, 0, 0, 0),
(522, 2, 2, 6, 10, 10, 0, 0, 0, 0),
(523, 2, 3, 1, 10, 9, 1, 0, 0, 0),
(524, 2, 3, 2, 10, 10, 0, 0, 0, 0),
(525, 2, 3, 3, 10, 10, 0, 0, 0, 0),
(526, 2, 3, 4, 10, 10, 0, 0, 0, 0),
(527, 2, 3, 5, 10, 10, 0, 0, 0, 0),
(528, 2, 3, 6, 10, 10, 0, 0, 0, 0),
(529, 2, 4, 1, 20, 20, 0, 0, 0, 0),
(530, 2, 4, 2, 10, 10, 0, 0, 0, 0),
(531, 2, 4, 3, 10, 10, 0, 0, 0, 0),
(532, 2, 4, 4, 10, 10, 0, 0, 0, 0),
(533, 2, 4, 5, 10, 10, 0, 0, 0, 0),
(534, 2, 4, 6, 10, 10, 0, 0, 0, 0),
(535, 2, 5, 1, 10, 10, 0, 0, 0, 0),
(536, 2, 5, 2, 10, 10, 0, 0, 0, 0),
(537, 2, 5, 3, 10, 10, 0, 0, 0, 0),
(538, 2, 5, 4, 20, 20, 0, 0, 0, 0),
(539, 2, 5, 5, 20, 20, 0, 0, 0, 0),
(540, 2, 5, 6, 10, 10, 0, 0, 0, 0),
(541, 2, 6, 1, 20, 19, 0, 0, 0, 1),
(542, 2, 6, 2, 20, 20, 0, 0, 0, 0),
(543, 2, 6, 3, 10, 10, 0, 0, 0, 0),
(544, 2, 6, 4, 0, 0, 0, 0, 0, 0),
(545, 2, 6, 5, 10, 10, 0, 0, 0, 0),
(546, 2, 6, 6, 0, 0, 0, 0, 0, 0),
(547, 2, 7, 1, 20, 18, 1, 1, 0, 0),
(548, 2, 7, 2, 10, 10, 0, 0, 0, 0),
(549, 2, 7, 3, 10, 10, 0, 0, 0, 0),
(550, 2, 7, 4, 10, 10, 0, 0, 0, 0),
(551, 2, 7, 5, 10, 10, 0, 0, 0, 0),
(552, 2, 7, 6, 0, 0, 0, 0, 0, 0),
(553, 2, 8, 1, 10, 10, 0, 0, 0, 0),
(554, 2, 8, 2, 10, 10, 0, 0, 0, 0),
(555, 2, 8, 3, 10, 10, 0, 0, 0, 0),
(556, 2, 8, 4, 20, 20, 0, 0, 0, 0),
(557, 2, 8, 5, 10, 10, 0, 0, 0, 0),
(558, 2, 8, 6, 10, 10, 0, 0, 0, 0),
(559, 2, 9, 1, 20, 20, 0, 0, 0, 0),
(560, 2, 9, 2, 10, 10, 0, 0, 0, 0),
(561, 2, 9, 3, 10, 10, 0, 0, 0, 0),
(562, 2, 9, 4, 10, 10, 0, 0, 0, 0),
(563, 2, 9, 5, 10, 10, 0, 0, 0, 0),
(564, 2, 9, 6, 0, 0, 0, 0, 0, 0),
(565, 2, 10, 1, 10, 10, 0, 0, 0, 0),
(566, 2, 10, 2, 20, 20, 0, 0, 0, 0),
(567, 2, 10, 3, 10, 10, 0, 0, 0, 0),
(568, 2, 10, 4, 10, 10, 0, 0, 0, 0),
(569, 2, 10, 5, 10, 10, 0, 0, 0, 0),
(570, 2, 10, 6, 10, 10, 0, 0, 0, 0),
(571, 2, 11, 1, 0, 0, 0, 0, 0, 0),
(572, 2, 11, 2, 0, 0, 0, 0, 0, 0),
(573, 2, 11, 3, 0, 0, 0, 0, 0, 0),
(574, 2, 11, 4, 0, 0, 0, 0, 0, 0),
(575, 2, 11, 5, 0, 0, 0, 0, 0, 0),
(576, 2, 11, 6, 0, 0, 0, 0, 0, 0),
(577, 2, 12, 1, 0, 0, 0, 0, 0, 0),
(578, 2, 12, 2, 0, 0, 0, 0, 0, 0),
(579, 2, 12, 3, 0, 0, 0, 0, 0, 0),
(580, 2, 12, 4, 0, 0, 0, 0, 0, 0),
(581, 2, 12, 5, 0, 0, 0, 0, 0, 0),
(582, 2, 12, 6, 0, 0, 0, 0, 0, 0),
(583, 2, 13, 1, 0, 0, 0, 0, 0, 0),
(584, 2, 13, 2, 0, 0, 0, 0, 0, 0),
(585, 2, 13, 3, 0, 0, 0, 0, 0, 0),
(586, 2, 13, 4, 0, 0, 0, 0, 0, 0),
(587, 2, 13, 5, 0, 0, 0, 0, 0, 0),
(588, 2, 13, 6, 0, 0, 0, 0, 0, 0),
(589, 3, 1, 1, 20, 20, 0, 0, 0, 0),
(590, 3, 1, 2, 10, 10, 0, 0, 0, 0),
(591, 3, 1, 3, 10, 10, 0, 0, 0, 0),
(592, 3, 1, 4, 10, 10, 0, 0, 0, 0),
(593, 3, 1, 5, 10, 10, 0, 0, 0, 0),
(594, 3, 1, 6, 10, 10, 0, 0, 0, 0),
(595, 3, 2, 1, 10, 10, 0, 0, 0, 0),
(596, 3, 2, 2, 10, 10, 0, 0, 0, 0),
(597, 3, 2, 3, 20, 20, 0, 0, 0, 0),
(598, 3, 2, 4, 10, 10, 0, 0, 0, 0),
(599, 3, 2, 5, 10, 10, 0, 0, 0, 0),
(600, 3, 2, 6, 10, 10, 0, 0, 0, 0),
(601, 3, 3, 1, 10, 10, 0, 0, 0, 0),
(602, 3, 3, 2, 10, 10, 0, 0, 0, 0),
(603, 3, 3, 3, 10, 10, 0, 0, 0, 0),
(604, 3, 3, 4, 10, 10, 0, 0, 0, 0),
(605, 3, 3, 5, 10, 10, 0, 0, 0, 0),
(606, 3, 3, 6, 10, 10, 0, 0, 0, 0),
(607, 3, 4, 1, 20, 20, 0, 0, 0, 0),
(608, 3, 4, 2, 10, 10, 0, 0, 0, 0),
(609, 3, 4, 3, 10, 10, 0, 0, 0, 0),
(610, 3, 4, 4, 10, 10, 0, 0, 0, 0),
(611, 3, 4, 5, 10, 10, 0, 0, 0, 0),
(612, 3, 4, 6, 10, 10, 0, 0, 0, 0),
(613, 3, 5, 1, 10, 10, 0, 0, 0, 0),
(614, 3, 5, 2, 10, 10, 0, 0, 0, 0),
(615, 3, 5, 3, 10, 10, 0, 0, 0, 0),
(616, 3, 5, 4, 20, 20, 0, 0, 0, 0),
(617, 3, 5, 5, 20, 20, 0, 0, 0, 0),
(618, 3, 5, 6, 10, 10, 0, 0, 0, 0),
(619, 3, 6, 1, 20, 19, 0, 0, 0, 1),
(620, 3, 6, 2, 20, 20, 0, 0, 0, 0),
(621, 3, 6, 3, 10, 10, 0, 0, 0, 0),
(622, 3, 6, 4, 0, 0, 0, 0, 0, 0),
(623, 3, 6, 5, 10, 10, 0, 0, 0, 0),
(624, 3, 6, 6, 0, 0, 0, 0, 0, 0),
(625, 3, 7, 1, 20, 20, 0, 0, 0, 0),
(626, 3, 7, 2, 10, 10, 0, 0, 0, 0),
(627, 3, 7, 3, 10, 10, 0, 0, 0, 0),
(628, 3, 7, 4, 10, 10, 0, 0, 0, 0),
(629, 3, 7, 5, 10, 10, 0, 0, 0, 0),
(630, 3, 7, 6, 0, 0, 0, 0, 0, 0),
(631, 3, 8, 1, 10, 10, 0, 0, 0, 0),
(632, 3, 8, 2, 10, 10, 0, 0, 0, 0),
(633, 3, 8, 3, 10, 10, 0, 0, 0, 0),
(634, 3, 8, 4, 20, 20, 0, 0, 0, 0),
(635, 3, 8, 5, 10, 10, 0, 0, 0, 0),
(636, 3, 8, 6, 10, 10, 0, 0, 0, 0),
(637, 3, 9, 1, 20, 20, 0, 0, 0, 0),
(638, 3, 9, 2, 10, 10, 0, 0, 0, 0),
(639, 3, 9, 3, 10, 10, 0, 0, 0, 0),
(640, 3, 9, 4, 10, 10, 0, 0, 0, 0),
(641, 3, 9, 5, 10, 10, 0, 0, 0, 0),
(642, 3, 9, 6, 0, 0, 0, 0, 0, 0),
(643, 3, 10, 1, 10, 10, 0, 0, 0, 0),
(644, 3, 10, 2, 20, 20, 0, 0, 0, 0),
(645, 3, 10, 3, 10, 10, 0, 0, 0, 0),
(646, 3, 10, 4, 10, 10, 0, 0, 0, 0),
(647, 3, 10, 5, 10, 10, 0, 0, 0, 0),
(648, 3, 10, 6, 10, 10, 0, 0, 0, 0),
(649, 3, 11, 1, 0, 0, 0, 0, 0, 0),
(650, 3, 11, 2, 0, 0, 0, 0, 0, 0),
(651, 3, 11, 3, 0, 0, 0, 0, 0, 0),
(652, 3, 11, 4, 0, 0, 0, 0, 0, 0),
(653, 3, 11, 5, 0, 0, 0, 0, 0, 0),
(654, 3, 11, 6, 0, 0, 0, 0, 0, 0),
(655, 3, 12, 1, 0, 0, 0, 0, 0, 0),
(656, 3, 12, 2, 0, 0, 0, 0, 0, 0),
(657, 3, 12, 3, 0, 0, 0, 0, 0, 0),
(658, 3, 12, 4, 0, 0, 0, 0, 0, 0),
(659, 3, 12, 5, 0, 0, 0, 0, 0, 0),
(660, 3, 12, 6, 0, 0, 0, 0, 0, 0),
(661, 3, 13, 1, 0, 0, 0, 0, 0, 0),
(662, 3, 13, 2, 0, 0, 0, 0, 0, 0),
(663, 3, 13, 3, 0, 0, 0, 0, 0, 0),
(664, 3, 13, 4, 0, 0, 0, 0, 0, 0),
(665, 3, 13, 5, 0, 0, 0, 0, 0, 0),
(666, 3, 13, 6, 0, 0, 0, 0, 0, 0),
(667, 4, 1, 1, 20, 19, 1, 0, 0, 0),
(668, 4, 1, 2, 10, 10, 0, 0, 0, 0),
(669, 4, 1, 3, 10, 10, 0, 0, 0, 0),
(670, 4, 1, 4, 10, 10, 0, 0, 0, 0),
(671, 4, 1, 5, 10, 10, 0, 0, 0, 0),
(672, 4, 1, 6, 10, 10, 0, 0, 0, 0),
(673, 4, 2, 1, 10, 10, 0, 0, 0, 0),
(674, 4, 2, 2, 10, 10, 0, 0, 0, 0),
(675, 4, 2, 3, 20, 20, 0, 0, 0, 0),
(676, 4, 2, 4, 10, 10, 0, 0, 0, 0),
(677, 4, 2, 5, 10, 10, 0, 0, 0, 0),
(678, 4, 2, 6, 10, 10, 0, 0, 0, 0),
(679, 4, 3, 1, 10, 10, 0, 0, 0, 0),
(680, 4, 3, 2, 10, 10, 0, 0, 0, 0),
(681, 4, 3, 3, 10, 10, 0, 0, 0, 0),
(682, 4, 3, 4, 10, 10, 0, 0, 0, 0),
(683, 4, 3, 5, 10, 10, 0, 0, 0, 0),
(684, 4, 3, 6, 10, 10, 0, 0, 0, 0),
(685, 4, 4, 1, 20, 20, 0, 0, 0, 0),
(686, 4, 4, 2, 10, 10, 0, 0, 0, 0),
(687, 4, 4, 3, 10, 10, 0, 0, 0, 0),
(688, 4, 4, 4, 10, 10, 0, 0, 0, 0),
(689, 4, 4, 5, 10, 10, 0, 0, 0, 0),
(690, 4, 4, 6, 10, 10, 0, 0, 0, 0),
(691, 4, 5, 1, 10, 10, 0, 0, 0, 0),
(692, 4, 5, 2, 10, 10, 0, 0, 0, 0),
(693, 4, 5, 3, 10, 10, 0, 0, 0, 0),
(694, 4, 5, 4, 20, 20, 0, 0, 0, 0),
(695, 4, 5, 5, 20, 20, 0, 0, 0, 0),
(696, 4, 5, 6, 10, 10, 0, 0, 0, 0),
(697, 4, 6, 1, 20, 20, 0, 0, 0, 1),
(698, 4, 6, 2, 20, 20, 0, 0, 0, 0),
(699, 4, 6, 3, 10, 10, 0, 0, 0, 0),
(700, 4, 6, 4, 0, 0, 0, 0, 0, 0),
(701, 4, 6, 5, 10, 10, 0, 0, 0, 0),
(702, 4, 6, 6, 0, 0, 0, 0, 0, 0),
(703, 4, 7, 1, 20, 20, 0, 0, 0, 0),
(704, 4, 7, 2, 10, 10, 0, 0, 0, 0),
(705, 4, 7, 3, 10, 10, 0, 0, 0, 0),
(706, 4, 7, 4, 10, 10, 0, 0, 0, 0),
(707, 4, 7, 5, 10, 10, 0, 0, 0, 0),
(708, 4, 7, 6, 0, 0, 0, 0, 0, 0),
(709, 4, 8, 1, 10, 10, 0, 0, 0, 0),
(710, 4, 8, 2, 10, 10, 0, 0, 0, 0),
(711, 4, 8, 3, 10, 10, 0, 0, 0, 0),
(712, 4, 8, 4, 20, 20, 0, 0, 0, 0),
(713, 4, 8, 5, 10, 10, 0, 0, 0, 0),
(714, 4, 8, 6, 10, 10, 0, 0, 0, 0),
(715, 4, 9, 1, 20, 20, 0, 0, 0, 0),
(716, 4, 9, 2, 10, 10, 0, 0, 0, 0),
(717, 4, 9, 3, 10, 10, 0, 0, 0, 0),
(718, 4, 9, 4, 10, 10, 0, 0, 0, 0),
(719, 4, 9, 5, 10, 10, 0, 0, 0, 0),
(720, 4, 9, 6, 0, 0, 0, 0, 0, 0),
(721, 4, 10, 1, 10, 10, 0, 0, 0, 0),
(722, 4, 10, 2, 20, 20, 0, 0, 0, 0),
(723, 4, 10, 3, 10, 10, 0, 0, 0, 0),
(724, 4, 10, 4, 10, 10, 0, 0, 0, 0),
(725, 4, 10, 5, 10, 10, 0, 0, 0, 0),
(726, 4, 10, 6, 10, 10, 0, 0, 0, 0),
(727, 4, 11, 1, 0, 0, 0, 0, 0, 0),
(728, 4, 11, 2, 0, 0, 0, 0, 0, 0),
(729, 4, 11, 3, 0, 0, 0, 0, 0, 0),
(730, 4, 11, 4, 0, 0, 0, 0, 0, 0),
(731, 4, 11, 5, 0, 0, 0, 0, 0, 0),
(732, 4, 11, 6, 0, 0, 0, 0, 0, 0),
(733, 4, 12, 1, 0, 0, 0, 0, 0, 0),
(734, 4, 12, 2, 0, 0, 0, 0, 0, 0),
(735, 4, 12, 3, 0, 0, 0, 0, 0, 0),
(736, 4, 12, 4, 0, 0, 0, 0, 0, 0),
(737, 4, 12, 5, 0, 0, 0, 0, 0, 0),
(738, 4, 12, 6, 0, 0, 0, 0, 0, 0),
(739, 4, 13, 1, 0, 0, 0, 0, 0, 0),
(740, 4, 13, 2, 0, 0, 0, 0, 0, 0),
(741, 4, 13, 3, 0, 0, 0, 0, 0, 0),
(742, 4, 13, 4, 0, 0, 0, 0, 0, 0),
(743, 4, 13, 5, 0, 0, 0, 0, 0, 0),
(744, 4, 13, 6, 0, 0, 0, 0, 0, 0),
(745, 5, 1, 1, 20, 17, 1, 0, 0, 2),
(746, 5, 1, 2, 10, 10, 0, 0, 0, 0),
(747, 5, 1, 3, 10, 10, 0, 0, 0, 0),
(748, 5, 1, 4, 10, 10, 0, 0, 0, 0),
(749, 5, 1, 5, 10, 10, 0, 0, 0, 0),
(750, 5, 1, 6, 10, 10, 0, 0, 0, 0),
(751, 5, 2, 1, 10, 10, 0, 0, 0, 0),
(752, 5, 2, 2, 10, 10, 0, 0, 0, 0),
(753, 5, 2, 3, 20, 20, 0, 0, 0, 0),
(754, 5, 2, 4, 10, 10, 0, 0, 0, 0),
(755, 5, 2, 5, 10, 10, 0, 0, 0, 0),
(756, 5, 2, 6, 10, 10, 0, 0, 0, 0),
(757, 5, 3, 1, 10, 10, 0, 0, 0, 0),
(758, 5, 3, 2, 10, 10, 0, 0, 0, 0),
(759, 5, 3, 3, 10, 10, 0, 0, 0, 0),
(760, 5, 3, 4, 10, 10, 0, 0, 0, 0),
(761, 5, 3, 5, 10, 10, 0, 0, 0, 0),
(762, 5, 3, 6, 10, 10, 0, 0, 0, 0),
(763, 5, 4, 1, 20, 20, 0, 0, 0, 0),
(764, 5, 4, 2, 10, 10, 0, 0, 0, 0),
(765, 5, 4, 3, 10, 10, 0, 0, 0, 0),
(766, 5, 4, 4, 10, 10, 0, 0, 0, 0),
(767, 5, 4, 5, 10, 10, 0, 0, 0, 0),
(768, 5, 4, 6, 10, 10, 0, 0, 0, 0),
(769, 5, 5, 1, 10, 10, 0, 0, 0, 0),
(770, 5, 5, 2, 10, 10, 0, 0, 0, 0),
(771, 5, 5, 3, 10, 10, 0, 0, 0, 0),
(772, 5, 5, 4, 20, 20, 0, 0, 0, 0),
(773, 5, 5, 5, 20, 20, 0, 0, 0, 0),
(774, 5, 5, 6, 10, 10, 0, 0, 0, 0),
(775, 5, 6, 1, 20, 20, 0, 0, 0, 1),
(776, 5, 6, 2, 20, 20, 0, 0, 0, 0),
(777, 5, 6, 3, 10, 10, 0, 0, 0, 0),
(778, 5, 6, 4, 0, 0, 0, 0, 0, 0),
(779, 5, 6, 5, 10, 10, 0, 0, 0, 0),
(780, 5, 6, 6, 0, 0, 0, 0, 0, 0),
(781, 5, 7, 1, 20, 18, 0, 0, 0, 2),
(782, 5, 7, 2, 10, 10, 0, 0, 0, 0),
(783, 5, 7, 3, 10, 10, 0, 0, 0, 0),
(784, 5, 7, 4, 10, 10, 0, 0, 0, 0),
(785, 5, 7, 5, 10, 10, 0, 0, 0, 0),
(786, 5, 7, 6, 0, 0, 0, 0, 0, 0),
(787, 5, 8, 1, 10, 8, 0, 0, 0, 2),
(788, 5, 8, 2, 10, 10, 0, 0, 0, 0),
(789, 5, 8, 3, 10, 10, 0, 0, 0, 0),
(790, 5, 8, 4, 20, 20, 0, 0, 0, 0),
(791, 5, 8, 5, 10, 10, 0, 0, 0, 0),
(792, 5, 8, 6, 10, 10, 0, 0, 0, 0),
(793, 5, 9, 1, 20, 20, 0, 0, 0, 0),
(794, 5, 9, 2, 10, 10, 0, 0, 0, 0),
(795, 5, 9, 3, 10, 10, 0, 0, 0, 0),
(796, 5, 9, 4, 10, 10, 0, 0, 0, 0),
(797, 5, 9, 5, 10, 10, 0, 0, 0, 0),
(798, 5, 9, 6, 0, 0, 0, 0, 0, 0),
(799, 5, 10, 1, 10, 10, 0, 0, 0, 0),
(800, 5, 10, 2, 20, 20, 0, 0, 0, 0),
(801, 5, 10, 3, 10, 10, 0, 0, 0, 0),
(802, 5, 10, 4, 10, 10, 0, 0, 0, 0),
(803, 5, 10, 5, 10, 10, 0, 0, 0, 0),
(804, 5, 10, 6, 10, 10, 0, 0, 0, 0),
(805, 5, 11, 1, 0, 0, 0, 0, 0, 0),
(806, 5, 11, 2, 0, 0, 0, 0, 0, 0),
(807, 5, 11, 3, 0, 0, 0, 0, 0, 0),
(808, 5, 11, 4, 0, 0, 0, 0, 0, 0),
(809, 5, 11, 5, 0, 0, 0, 0, 0, 0),
(810, 5, 11, 6, 0, 0, 0, 0, 0, 0),
(811, 5, 12, 1, 0, 0, 0, 0, 0, 0),
(812, 5, 12, 2, 0, 0, 0, 0, 0, 0),
(813, 5, 12, 3, 0, 0, 0, 0, 0, 0),
(814, 5, 12, 4, 0, 0, 0, 0, 0, 0),
(815, 5, 12, 5, 0, 0, 0, 0, 0, 0),
(816, 5, 12, 6, 0, 0, 0, 0, 0, 0),
(817, 5, 13, 1, 0, 0, 0, 0, 0, 0),
(818, 5, 13, 2, 0, 0, 0, 0, 0, 0),
(819, 5, 13, 3, 0, 0, 0, 0, 0, 0),
(820, 5, 13, 4, 0, 0, 0, 0, 0, 0),
(821, 5, 13, 5, 0, 0, 0, 0, 0, 0),
(822, 5, 13, 6, 0, 0, 0, 0, 0, 0);

-- --------------------------------------------------------

--
-- Table structure for table `lost_and_found`
--

CREATE TABLE `lost_and_found` (
  `reference_no` int(100) NOT NULL,
  `storage_id` int(100) NOT NULL,
  `location_found` varchar(50) NOT NULL,
  `date_time` datetime NOT NULL,
  `utensils_cat_id` int(100) NOT NULL,
  `description` varchar(50) NOT NULL,
  `found_by` varchar(50) NOT NULL,
  `received_by` varchar(50) NOT NULL
) ENGINE=InnoDB DEFAULT CHARSET=latin1;

-- --------------------------------------------------------

--
-- Table structure for table `new_arrival_utensils`
--

CREATE TABLE `new_arrival_utensils` (
  `new_arvl_id` int(100) NOT NULL,
  `date_received` date NOT NULL,
  `new_arvl_qty` int(100) NOT NULL,
  `utensils_id` int(100) NOT NULL,
  `received_by` varchar(50) NOT NULL,
  `storage_id` int(100) NOT NULL,
  `checked_by` varchar(50) NOT NULL,
  `approved_by` varchar(50) NOT NULL,
  `date_approved` date NOT NULL,
  `status` int(50) NOT NULL
) ENGINE=InnoDB DEFAULT CHARSET=latin1;

--
-- Dumping data for table `new_arrival_utensils`
--

INSERT INTO `new_arrival_utensils` (`new_arvl_id`, `date_received`, `new_arvl_qty`, `utensils_id`, `received_by`, `storage_id`, `checked_by`, `approved_by`, `date_approved`, `status`) VALUES
(1, '2020-02-09', 30, 1, '92', 0, '92', '1', '2020-02-09', 0),
(2, '2020-02-09', 30, 2, '92', 0, '92', '1', '2020-02-09', 0),
(3, '2020-02-09', 40, 3, '92', 0, '92', '1', '2020-02-09', 0),
(4, '2020-02-09', 30, 4, '92', 0, '92', '1', '2020-02-09', 0),
(5, '2020-02-09', 20, 5, '92', 0, '92', '1', '2020-02-09', 0),
(6, '2020-02-09', 40, 6, '92', 0, '92', '1', '2020-02-09', 0),
(7, '2020-02-09', 40, 7, '92', 0, '92', '1', '2020-02-09', 0),
(8, '2020-02-09', 30, 8, '92', 0, '92', '1', '2020-02-09', 0),
(9, '2020-02-09', 40, 9, '92', 0, '92', '1', '2020-02-09', 0),
(10, '2020-02-09', 30, 10, '92', 0, '92', '1', '2020-02-09', 0),
(11, '2020-02-09', 100, 11, '92', 0, '92', '1', '2020-02-09', 0),
(12, '2020-02-09', 100, 12, '92', 0, '92', '1', '2020-02-09', 0),
(13, '2020-02-09', 100, 13, '92', 0, '92', '1', '2020-02-09', 0);

-- --------------------------------------------------------

--
-- Table structure for table `notification`
--

CREATE TABLE `notification` (
  `id` int(50) NOT NULL,
  `notif_control_id` int(100) NOT NULL,
  `user_id` int(50) NOT NULL,
  `user_notif_type` int(11) NOT NULL,
  `notif_date` datetime NOT NULL,
  `notif_approved_date` datetime NOT NULL,
  `seen_user` int(11) NOT NULL,
  `seen_staff` int(11) NOT NULL,
  `seen_admin` int(11) NOT NULL,
  `notif_count` int(11) NOT NULL
) ENGINE=InnoDB DEFAULT CHARSET=latin1;

--
-- Dumping data for table `notification`
--

INSERT INTO `notification` (`id`, `notif_control_id`, `user_id`, `user_notif_type`, `notif_date`, `notif_approved_date`, `seen_user`, `seen_staff`, `seen_admin`, `notif_count`) VALUES
(1, 1, 95, 1, '2020-02-08 14:59:45', '0000-00-00 00:00:00', 3, 0, 0, 1),
(2, 1, 92, 2, '2020-02-08 14:59:22', '0000-00-00 00:00:00', 0, 1, 0, 1),
(3, 1, 93, 2, '2020-02-08 14:59:22', '0000-00-00 00:00:00', 0, 0, 0, 0),
(4, 1, 101, 2, '2020-02-08 14:59:22', '0000-00-00 00:00:00', 0, 0, 0, 0),
(5, 1, 102, 2, '2020-02-08 14:59:22', '0000-00-00 00:00:00', 0, 0, 0, 0),
(6, 1, 95, 1, '0000-00-00 00:00:00', '0000-00-00 00:00:00', 3, 0, 0, 1),
(7, 1, 92, 2, '2020-02-09 08:45:52', '0000-00-00 00:00:00', 0, 0, 0, 1),
(8, 1, 93, 2, '2020-02-09 08:45:52', '0000-00-00 00:00:00', 0, 0, 0, 0),
(9, 1, 101, 2, '2020-02-09 08:45:52', '0000-00-00 00:00:00', 0, 0, 0, 0),
(10, 1, 102, 2, '2020-02-09 08:45:52', '0000-00-00 00:00:00', 0, 0, 0, 0),
(11, 3, 95, 1, '2020-02-09 09:00:10', '0000-00-00 00:00:00', 0, 0, 0, 1),
(12, 3, 92, 2, '2020-02-09 09:00:10', '0000-00-00 00:00:00', 0, 1, 0, 1),
(13, 3, 93, 2, '2020-02-09 09:00:10', '0000-00-00 00:00:00', 0, 0, 0, 0),
(14, 3, 101, 2, '2020-02-09 09:00:10', '0000-00-00 00:00:00', 0, 0, 0, 0),
(15, 3, 102, 2, '2020-02-09 09:00:10', '0000-00-00 00:00:00', 0, 0, 0, 0),
(16, 4, 95, 1, '2020-02-09 09:00:50', '0000-00-00 00:00:00', 2, 0, 0, 1),
(17, 5, 95, 1, '2020-02-09 09:05:18', '0000-00-00 00:00:00', 3, 0, 0, 1),
(18, 5, 92, 2, '2020-02-09 09:04:54', '0000-00-00 00:00:00', 0, 1, 0, 1),
(19, 5, 93, 2, '2020-02-09 09:04:54', '0000-00-00 00:00:00', 0, 0, 0, 0),
(20, 5, 101, 2, '2020-02-09 09:04:54', '0000-00-00 00:00:00', 0, 0, 0, 0),
(21, 5, 102, 2, '2020-02-09 09:04:54', '0000-00-00 00:00:00', 0, 0, 0, 0),
(22, 6, 95, 1, '2020-02-09 09:05:23', '2020-02-09 09:27:02', 1, 0, 0, 1),
(23, 6, 92, 2, '2020-02-09 09:05:23', '0000-00-00 00:00:00', 0, 1, 0, 1),
(24, 6, 93, 2, '2020-02-09 09:05:23', '0000-00-00 00:00:00', 0, 0, 0, 0),
(25, 6, 101, 2, '2020-02-09 09:05:23', '0000-00-00 00:00:00', 0, 0, 0, 0),
(26, 6, 102, 2, '2020-02-09 09:05:23', '0000-00-00 00:00:00', 0, 0, 0, 0),
(27, 7, 95, 1, '2020-02-09 09:10:16', '0000-00-00 00:00:00', 3, 0, 0, 1),
(28, 7, 92, 2, '2020-02-09 09:10:06', '0000-00-00 00:00:00', 0, 1, 0, 1),
(29, 7, 93, 2, '2020-02-09 09:10:06', '0000-00-00 00:00:00', 0, 0, 0, 0),
(30, 7, 101, 2, '2020-02-09 09:10:06', '0000-00-00 00:00:00', 0, 0, 0, 0),
(31, 7, 102, 2, '2020-02-09 09:10:06', '0000-00-00 00:00:00', 0, 0, 0, 0),
(32, 8, 95, 1, '2020-02-09 09:10:24', '0000-00-00 00:00:00', 0, 0, 0, 1),
(33, 8, 92, 2, '2020-02-09 09:10:24', '0000-00-00 00:00:00', 0, 1, 0, 1),
(34, 8, 93, 2, '2020-02-09 09:10:24', '0000-00-00 00:00:00', 0, 0, 0, 0),
(35, 8, 101, 2, '2020-02-09 09:10:24', '0000-00-00 00:00:00', 0, 0, 0, 0),
(36, 8, 102, 2, '2020-02-09 09:10:24', '0000-00-00 00:00:00', 0, 0, 0, 0),
(37, 9, 95, 1, '2020-02-09 09:11:45', '0000-00-00 00:00:00', 2, 0, 0, 1),
(38, 10, 95, 1, '0000-00-00 00:00:00', '2020-02-09 09:15:39', 1, 0, 0, 1),
(39, 11, 95, 1, '0000-00-00 00:00:00', '2020-02-09 09:25:20', 2, 0, 0, 1),
(40, 12, 95, 1, '2020-02-09 09:36:00', '0000-00-00 00:00:00', 3, 0, 0, 1),
(41, 12, 92, 2, '2020-02-09 09:35:42', '0000-00-00 00:00:00', 0, 0, 0, 0),
(42, 12, 93, 2, '2020-02-09 09:35:42', '0000-00-00 00:00:00', 0, 1, 0, 1),
(43, 12, 101, 2, '2020-02-09 09:35:42', '0000-00-00 00:00:00', 0, 0, 0, 0),
(44, 12, 102, 2, '2020-02-09 09:35:42', '0000-00-00 00:00:00', 0, 0, 0, 0),
(45, 13, 95, 1, '2020-02-09 09:36:07', '2020-02-09 09:36:56', 2, 0, 0, 1),
(46, 13, 92, 2, '2020-02-09 09:36:07', '0000-00-00 00:00:00', 0, 0, 0, 0),
(47, 13, 93, 2, '2020-02-09 09:36:07', '0000-00-00 00:00:00', 0, 1, 0, 1),
(48, 13, 101, 2, '2020-02-09 09:36:07', '0000-00-00 00:00:00', 0, 0, 0, 0),
(49, 13, 102, 2, '2020-02-09 09:36:07', '0000-00-00 00:00:00', 0, 0, 0, 0),
(50, 14, 95, 1, '2020-02-09 22:46:46', '0000-00-00 00:00:00', 3, 0, 0, 1),
(51, 14, 96, 1, '2020-02-09 22:46:46', '0000-00-00 00:00:00', 3, 0, 0, 0),
(52, 14, 92, 2, '2020-02-09 16:33:24', '0000-00-00 00:00:00', 0, 1, 0, 1),
(53, 14, 93, 2, '2020-02-09 16:33:24', '0000-00-00 00:00:00', 0, 0, 0, 0),
(54, 14, 101, 2, '2020-02-09 16:33:24', '0000-00-00 00:00:00', 0, 0, 0, 0),
(55, 14, 102, 2, '2020-02-09 16:33:24', '0000-00-00 00:00:00', 0, 0, 0, 0),
(56, 15, 95, 1, '2020-02-09 22:46:53', '0000-00-00 00:00:00', 0, 0, 0, 1),
(57, 15, 92, 2, '2020-02-09 22:46:53', '0000-00-00 00:00:00', 0, 1, 0, 1),
(58, 15, 93, 2, '2020-02-09 22:46:53', '0000-00-00 00:00:00', 0, 0, 0, 0),
(59, 15, 101, 2, '2020-02-09 22:46:53', '0000-00-00 00:00:00', 0, 0, 0, 0),
(60, 15, 102, 2, '2020-02-09 22:46:53', '0000-00-00 00:00:00', 0, 0, 0, 0),
(61, 15, 105, 2, '2020-02-09 22:46:53', '0000-00-00 00:00:00', 0, 0, 0, 0),
(62, 15, 96, 1, '2020-02-09 22:46:53', '0000-00-00 00:00:00', 0, 0, 0, 0),
(63, 15, 92, 2, '2020-02-09 22:46:53', '0000-00-00 00:00:00', 0, 0, 0, 1),
(64, 15, 93, 2, '2020-02-09 22:46:53', '0000-00-00 00:00:00', 0, 0, 0, 0),
(65, 15, 101, 2, '2020-02-09 22:46:53', '0000-00-00 00:00:00', 0, 0, 0, 0),
(66, 15, 102, 2, '2020-02-09 22:46:53', '0000-00-00 00:00:00', 0, 0, 0, 0),
(67, 15, 105, 2, '2020-02-09 22:46:53', '0000-00-00 00:00:00', 0, 0, 0, 0),
(68, 16, 95, 1, '2020-02-09 22:47:12', '0000-00-00 00:00:00', 2, 0, 0, 1),
(69, 16, 96, 1, '2020-02-09 22:47:12', '0000-00-00 00:00:00', 1, 0, 0, 0),
(70, 17, 95, 1, '2020-02-10 00:23:06', '0000-00-00 00:00:00', 2, 0, 0, 1),
(71, 17, 92, 2, '2020-02-10 00:22:08', '0000-00-00 00:00:00', 0, 1, 0, 1),
(72, 17, 93, 2, '2020-02-10 00:22:08', '0000-00-00 00:00:00', 0, 0, 0, 0),
(73, 17, 101, 2, '2020-02-10 00:22:08', '0000-00-00 00:00:00', 0, 0, 0, 0),
(74, 17, 102, 2, '2020-02-10 00:22:08', '0000-00-00 00:00:00', 0, 0, 0, 0),
(75, 17, 105, 2, '2020-02-10 00:22:08', '0000-00-00 00:00:00', 0, 0, 0, 0),
(76, 17, 106, 2, '2020-02-10 00:22:08', '0000-00-00 00:00:00', 0, 0, 0, 0),
(77, 17, 107, 2, '2020-02-10 00:22:08', '0000-00-00 00:00:00', 0, 0, 0, 0),
(78, 17, 108, 2, '2020-02-10 00:22:08', '0000-00-00 00:00:00', 0, 0, 0, 0),
(79, 17, 109, 2, '2020-02-10 00:22:08', '0000-00-00 00:00:00', 0, 0, 0, 0),
(80, 17, 110, 2, '2020-02-10 00:22:08', '0000-00-00 00:00:00', 0, 0, 0, 0);

-- --------------------------------------------------------

--
-- Table structure for table `notification_control`
--

CREATE TABLE `notification_control` (
  `notif_control_id` int(100) NOT NULL,
  `trans_id` int(100) NOT NULL,
  `notif_type_id` int(50) NOT NULL,
  `storage_id` int(100) NOT NULL
) ENGINE=InnoDB DEFAULT CHARSET=latin1;

--
-- Dumping data for table `notification_control`
--

INSERT INTO `notification_control` (`notif_control_id`, `trans_id`, `notif_type_id`, `storage_id`) VALUES
(1, 1, 1, 1),
(2, 1, 1, 1),
(3, 1, 2, 1),
(4, 1, 3, 1),
(5, 2, 1, 1),
(6, 2, 2, 1),
(7, 3, 1, 1),
(8, 3, 2, 1),
(9, 3, 3, 1),
(10, 1, 4, 1),
(11, 3, 4, 1),
(12, 4, 1, 2),
(13, 4, 2, 2),
(14, 5, 1, 1),
(15, 5, 2, 1),
(16, 5, 3, 1),
(17, 6, 1, 1);

-- --------------------------------------------------------

--
-- Table structure for table `notification_type`
--

CREATE TABLE `notification_type` (
  `notif_type_id` int(50) NOT NULL,
  `description` varchar(50) NOT NULL
) ENGINE=InnoDB DEFAULT CHARSET=latin1;

--
-- Dumping data for table `notification_type`
--

INSERT INTO `notification_type` (`notif_type_id`, `description`) VALUES
(1, 'Staff Notification Request'),
(2, 'Staff Notification Returning'),
(3, 'Admin Notification New Arrival Approval'),
(4, 'Storage Notification Items Approved'),
(5, 'User notification request approved'),
(6, 'User notification report damage/lost items');

-- --------------------------------------------------------

--
-- Table structure for table `pin`
--

CREATE TABLE `pin` (
  `pin_id` int(50) NOT NULL,
  `borrower_slip_id` int(50) NOT NULL
) ENGINE=InnoDB DEFAULT CHARSET=latin1;

--
-- Dumping data for table `pin`
--

INSERT INTO `pin` (`pin_id`, `borrower_slip_id`) VALUES
(101, 13252),
(102, 1),
(103, 1),
(104, 2),
(105, 3),
(106, 4),
(107, 5),
(108, 6);

-- --------------------------------------------------------

--
-- Table structure for table `request_status`
--

CREATE TABLE `request_status` (
  `status_id` int(50) NOT NULL,
  `status_desc` varchar(50) NOT NULL
) ENGINE=InnoDB DEFAULT CHARSET=latin1;

--
-- Dumping data for table `request_status`
--

INSERT INTO `request_status` (`status_id`, `status_desc`) VALUES
(0, 'Pending Not Viewed'),
(1, 'Pending Viewed'),
(2, 'Approved'),
(3, 'Cancelled'),
(4, 'Returned Request'),
(5, 'Received'),
(6, 'With Discrepancy');

-- --------------------------------------------------------

--
-- Table structure for table `storage`
--

CREATE TABLE `storage` (
  `storage_id` int(100) NOT NULL,
  `storage_name` varchar(50) NOT NULL,
  `initials` varchar(50) NOT NULL
) ENGINE=InnoDB DEFAULT CHARSET=latin1;

--
-- Dumping data for table `storage`
--

INSERT INTO `storage` (`storage_id`, `storage_name`, `initials`) VALUES
(1, 'General Storage', 'GS'),
(2, 'Kitchen Laboratory', 'KL'),
(3, 'Kitchen1', 'K1'),
(4, 'Kitchen2', 'K2'),
(5, 'Bar Tending', 'BT'),
(6, 'Restaurant 1', 'R1');

-- --------------------------------------------------------

--
-- Table structure for table `storage_stocks`
--

CREATE TABLE `storage_stocks` (
  `id` int(50) NOT NULL,
  `utensils_id` int(50) NOT NULL,
  `storage_id` int(50) NOT NULL,
  `storage_qty` int(100) NOT NULL,
  `original_stock` int(100) NOT NULL,
  `lost_qty` int(50) NOT NULL,
  `damaged_qty` int(50) NOT NULL,
  `reserved_qty` int(50) NOT NULL,
  `on_use` int(50) NOT NULL
) ENGINE=InnoDB DEFAULT CHARSET=latin1;

--
-- Dumping data for table `storage_stocks`
--

INSERT INTO `storage_stocks` (`id`, `utensils_id`, `storage_id`, `storage_qty`, `original_stock`, `lost_qty`, `damaged_qty`, `reserved_qty`, `on_use`) VALUES
(1, 1, 1, 17, 20, 1, 0, 0, 2),
(2, 1, 2, 10, 10, 0, 0, 0, 0),
(3, 1, 3, 10, 10, 0, 0, 0, 0),
(4, 1, 4, 10, 10, 0, 0, 0, 0),
(5, 1, 5, 10, 10, 0, 0, 0, 0),
(6, 1, 6, 10, 10, 0, 0, 0, 0),
(7, 2, 1, 10, 10, 0, 0, 0, 0),
(8, 2, 2, 10, 10, 0, 0, 0, 0),
(9, 2, 3, 20, 20, 0, 0, 0, 0),
(10, 2, 4, 10, 10, 0, 0, 0, 0),
(11, 2, 5, 10, 10, 0, 0, 0, 0),
(12, 2, 6, 10, 10, 0, 0, 0, 0),
(13, 3, 1, 10, 10, 0, 0, 0, 0),
(14, 3, 2, 10, 10, 0, 0, 0, 0),
(15, 3, 3, 10, 10, 0, 0, 0, 0),
(16, 3, 4, 10, 10, 0, 0, 0, 0),
(17, 3, 5, 10, 10, 0, 0, 0, 0),
(18, 3, 6, 10, 10, 0, 0, 0, 0),
(19, 4, 1, 20, 20, 0, 0, 0, 0),
(20, 4, 2, 10, 10, 0, 0, 0, 0),
(21, 4, 3, 10, 10, 0, 0, 0, 0),
(22, 4, 4, 10, 10, 0, 0, 0, 0),
(23, 4, 5, 10, 10, 0, 0, 0, 0),
(24, 4, 6, 10, 10, 0, 0, 0, 0),
(25, 5, 1, 10, 10, 0, 0, 0, 0),
(26, 5, 2, 10, 10, 0, 0, 0, 0),
(27, 5, 3, 10, 10, 0, 0, 0, 0),
(28, 5, 4, 20, 20, 0, 0, 0, 0),
(29, 5, 5, 20, 20, 0, 0, 0, 0),
(30, 5, 6, 10, 10, 0, 0, 0, 0),
(31, 6, 1, 20, 20, 0, 0, 0, 1),
(32, 6, 2, 20, 20, 0, 0, 0, 0),
(33, 6, 3, 10, 10, 0, 0, 0, 0),
(34, 6, 4, 0, 0, 0, 0, 0, 0),
(35, 6, 5, 10, 10, 0, 0, 0, 0),
(36, 6, 6, 0, 0, 0, 0, 0, 0),
(37, 7, 1, 18, 20, 0, 0, 0, 2),
(38, 7, 2, 10, 10, 0, 0, 0, 0),
(39, 7, 3, 10, 10, 0, 0, 0, 0),
(40, 7, 4, 10, 10, 0, 0, 0, 0),
(41, 7, 5, 10, 10, 0, 0, 0, 0),
(42, 7, 6, 0, 0, 0, 0, 0, 0),
(43, 8, 1, 8, 10, 0, 0, 0, 2),
(44, 8, 2, 10, 10, 0, 0, 0, 0),
(45, 8, 3, 10, 10, 0, 0, 0, 0),
(46, 8, 4, 20, 20, 0, 0, 0, 0),
(47, 8, 5, 10, 10, 0, 0, 0, 0),
(48, 8, 6, 10, 10, 0, 0, 0, 0),
(49, 9, 1, 20, 20, 0, 0, 0, 0),
(50, 9, 2, 10, 10, 0, 0, 0, 0),
(51, 9, 3, 10, 10, 0, 0, 0, 0),
(52, 9, 4, 10, 10, 0, 0, 0, 0),
(53, 9, 5, 10, 10, 0, 0, 0, 0),
(54, 9, 6, 0, 0, 0, 0, 0, 0),
(55, 10, 1, 10, 10, 0, 0, 0, 0),
(56, 10, 2, 20, 20, 0, 0, 0, 0),
(57, 10, 3, 10, 10, 0, 0, 0, 0),
(58, 10, 4, 10, 10, 0, 0, 0, 0),
(59, 10, 5, 10, 10, 0, 0, 0, 0),
(60, 10, 6, 10, 10, 0, 0, 0, 0),
(61, 11, 1, 0, 0, 0, 0, 0, 0),
(62, 11, 2, 0, 0, 0, 0, 0, 0),
(63, 11, 3, 0, 0, 0, 0, 0, 0),
(64, 11, 4, 0, 0, 0, 0, 0, 0),
(65, 11, 5, 0, 0, 0, 0, 0, 0),
(66, 11, 6, 0, 0, 0, 0, 0, 0),
(67, 12, 1, 0, 0, 0, 0, 0, 0),
(68, 12, 2, 0, 0, 0, 0, 0, 0),
(69, 12, 3, 0, 0, 0, 0, 0, 0),
(70, 12, 4, 0, 0, 0, 0, 0, 0),
(71, 12, 5, 0, 0, 0, 0, 0, 0),
(72, 12, 6, 0, 0, 0, 0, 0, 0),
(73, 13, 1, 0, 0, 0, 0, 0, 0),
(74, 13, 2, 0, 0, 0, 0, 0, 0),
(75, 13, 3, 0, 0, 0, 0, 0, 0),
(76, 13, 4, 0, 0, 0, 0, 0, 0),
(77, 13, 5, 0, 0, 0, 0, 0, 0),
(78, 13, 6, 0, 0, 0, 0, 0, 0);

-- --------------------------------------------------------

--
-- Table structure for table `umsr`
--

CREATE TABLE `umsr` (
  `id` int(11) NOT NULL,
  `umsr_name` varchar(50) NOT NULL
) ENGINE=InnoDB DEFAULT CHARSET=latin1;

--
-- Dumping data for table `umsr`
--

INSERT INTO `umsr` (`id`, `umsr_name`) VALUES
(1, 'pcs');

-- --------------------------------------------------------

--
-- Table structure for table `users`
--

CREATE TABLE `users` (
  `user_id` int(100) NOT NULL,
  `school_id` int(50) NOT NULL,
  `fname` varchar(50) NOT NULL,
  `lname` varchar(50) NOT NULL,
  `email` varchar(50) NOT NULL,
  `contact` varchar(50) NOT NULL,
  `dept_id` int(50) DEFAULT NULL,
  `storage_id` int(50) DEFAULT NULL
) ENGINE=InnoDB DEFAULT CHARSET=latin1;

--
-- Dumping data for table `users`
--

INSERT INTO `users` (`user_id`, `school_id`, `fname`, `lname`, `email`, `contact`, `dept_id`, `storage_id`) VALUES
(1, 99999999, 'Grayfield', 'Bajao', 'gray@field.com', '99999999999', 2, 0),
(92, 11111111, 'Meljun', 'Tirol', 'meru@meru.com', '11111111111', 1, 1),
(93, 22222222, 'Prometheus Dar Alexis', 'Resuello', 'daru@daru.com', '22222222222', 1, 2),
(94, 33333333, 'Rasty', 'Demicillo', 'ras@ras.com', '33333333333', 1, 0),
(95, 44444444, 'Jeniffer', 'Encabo', 'jen@yahoo.com', '12332112332', 2, 0),
(96, 55555555, 'Ching', 'Sanico', 'ching@chong.con', '23423443534', 1, 0),
(97, 16845893, 'john', 'sanico', 'john@yahoo.com', '09151659070', 1, 0),
(98, 16880502, 'Meru', 'Tirol', 'mel@he.com', '92957289497', 2, 0),
(99, 15754534, 'Jeniffer', 'Encabo', 'jeniffer.encabo97@gmail.com', '09233290150', 1, 0),
(100, 82882828, 'ching', 'ching', 'aw@yahoo.com', '09172662892', 1, 0),
(101, 66666666, 'Zardron', 'Pesquera', 'msd@sd.comssss', '34545657678', 1, 1),
(102, 77777777, 'Kevin Dale', 'Tabayocyoc', 'msd@sd.com232333', '23435436456', 1, 2),
(104, 34534645, 'sdf', 'sdff', 'emark@gmail.comsdfsdf', '-3535634536', 2, NULL),
(105, 33333323, 'ggggggggggg', 'ggggggggg', 'emark@gmail.com33', '23322323333', 2, 2),
(106, 12312433, 'dfdsfg', 'dfgdfg', 'msd@sd.com', '23333333333', 2, 2),
(107, 999, 'Mark', 'Marky', 'msd@sd.comdfs', '09999999999', 4, 3),
(108, 11000999, 'Mark', 'Marky', 'msd@sd.comdfsa', '99919191919', 1, 3),
(109, 88888111, 'Mark', 'Marky', 'msd@sd.comdfsa21', '23451212121', 1, 3),
(110, 44444555, 'Mark', 'Marky', 'msd@sd.comdfsa211', '23423423423', 1, 3),
(111, 12332423, 'sdfsdf', 'sdfsdf', 'melmax795@gmail.comsss', '12234235345', 6, NULL),
(112, 45245245, '234', '234', 'meru@dsf.com', '34534234324', 2, NULL),
(113, 23423432, '345', '345', 'emark@gmail.com', '3453452', 1, NULL);

-- --------------------------------------------------------

--
-- Table structure for table `user_settings`
--

CREATE TABLE `user_settings` (
  `user_id` int(100) NOT NULL,
  `username` varchar(50) NOT NULL,
  `password` varchar(50) NOT NULL,
  `account_type_id` varchar(50) NOT NULL
) ENGINE=InnoDB DEFAULT CHARSET=latin1;

--
-- Dumping data for table `user_settings`
--

INSERT INTO `user_settings` (`user_id`, `username`, `password`, `account_type_id`) VALUES
(1, 'admin', 'admin', '1'),
(92, '11111111', '11111111', '3'),
(93, '22222222', '22222222', '4'),
(94, 'ras', 'ras', '6'),
(95, 'jen', 'jen', '7'),
(96, '55', '55', '7'),
(97, 'john', 'john', '6'),
(98, 'Meru', 'meru', '7'),
(99, 'jeniffer.encabo', 'Jen9497*', '7'),
(100, 'ching', 'ching', '7'),
(101, '66666666', '66666666', '4'),
(102, '77777777', '77777777', '5'),
(104, 'userergd', 'd', '7'),
(105, '33333323', '33333323', '4'),
(106, '12312433', '12312433', '3'),
(107, '00000999', '00000999', '5'),
(108, '11000999', '11000999', '5'),
(109, '88888111', '88888111', '5'),
(110, '44444555', '44444555', '5'),
(111, 'user1', 'f', '7'),
(112, 'dd', '44', '7'),
(113, '345', '345', '6');

-- --------------------------------------------------------

--
-- Table structure for table `user_type`
--

CREATE TABLE `user_type` (
  `type_id` int(11) NOT NULL,
  `type_name` varchar(50) NOT NULL
) ENGINE=InnoDB DEFAULT CHARSET=latin1;

--
-- Dumping data for table `user_type`
--

INSERT INTO `user_type` (`type_id`, `type_name`) VALUES
(1, 'student'),
(2, 'teacher');

-- --------------------------------------------------------

--
-- Table structure for table `utensils`
--

CREATE TABLE `utensils` (
  `utensils_id` int(100) NOT NULL,
  `utensils_name` varchar(50) NOT NULL,
  `original_stock` int(100) NOT NULL,
  `stock_on_hand` int(100) NOT NULL,
  `utensils_cat_id` int(50) NOT NULL,
  `added_by` varchar(50) NOT NULL,
  `date_added` date NOT NULL,
  `updated_by` varchar(50) NOT NULL,
  `date_updated` date NOT NULL,
  `cost` int(100) NOT NULL,
  `umsr` varchar(50) NOT NULL,
  `model` varchar(50) NOT NULL,
  `serial_no` varchar(50) NOT NULL,
  `date_purchased` date NOT NULL,
  `status` int(11) NOT NULL
) ENGINE=InnoDB DEFAULT CHARSET=latin1;

--
-- Dumping data for table `utensils`
--

INSERT INTO `utensils` (`utensils_id`, `utensils_name`, `original_stock`, `stock_on_hand`, `utensils_cat_id`, `added_by`, `date_added`, `updated_by`, `date_updated`, `cost`, `umsr`, `model`, `serial_no`, `date_purchased`, `status`) VALUES
(1, 'Peeler Heavy Duty', 100, 30, 1, '92', '2020-02-09', '', '0000-00-00', 34, '1', 'SDG34', 'SDG34', '2020-02-09', 1),
(2, 'Chef Knife', 100, 30, 1, '92', '2020-02-09', '', '0000-00-00', 234, '1', 'SDG34', 'SDG34', '2020-02-09', 1),
(3, 'Chef Knife', 100, 40, 1, '92', '2020-02-09', '', '0000-00-00', 234, '1', 'SDG34', 'SDG34', '2020-02-09', 1),
(4, 'Baking Pan Round 4 inches', 100, 30, 2, '92', '2020-02-09', '', '0000-00-00', 234, '1', 'SDG34', 'SDG34', '2020-02-09', 1),
(5, 'Sheet Pan 12\"', 100, 20, 2, '92', '2020-02-09', '', '0000-00-00', 34, '1', 'SDG34', 'SDG34', '2020-02-09', 1),
(6, 'Cake Pillars 2 3/4', 100, 40, 2, '92', '2020-02-09', '', '0000-00-00', 34, '1', 'SDG34', 'SDG34', '2020-02-09', 1),
(7, 'Cake holder', 100, 40, 2, '92', '2020-02-09', '', '0000-00-00', 234, '1', 'SDG34', 'SDG34', '2020-02-09', 1),
(8, 'Bundt Pan', 100, 30, 1, '92', '2020-02-09', '', '0000-00-00', 34, '1', 'SDG34', 'SDG34', '2020-02-09', 1),
(9, 'Jelly Roll Pan', 100, 40, 2, '92', '2020-02-09', '', '0000-00-00', 34, '1', 'SDG34', 'SDG34', '2020-02-09', 1),
(10, 'Jelly Roll Pan', 100, 30, 2, '92', '2020-02-09', '', '0000-00-00', 34, '1', 'SDG34', 'SDG34', '2020-02-09', 1),
(11, 'Fork (serving utensils)', 100, 100, 3, '92', '2020-02-09', '', '0000-00-00', 34, '1', 'SDG34', 'SDG34', '2020-02-09', 0),
(12, 'Soup Laddles (serving utensils)', 100, 100, 3, '92', '2020-02-09', '', '0000-00-00', 234, '1', 'SDG34', 'SDG34', '2020-02-09', 0),
(13, 'Soup Tureens', 100, 100, 3, '92', '2020-02-09', '', '0000-00-00', 34, '1', 'SDG34', 'SDG34', '2020-02-09', 0);

-- --------------------------------------------------------

--
-- Table structure for table `utensils_category`
--

CREATE TABLE `utensils_category` (
  `utensils_cat_id` int(100) NOT NULL,
  `category` varchar(50) NOT NULL
) ENGINE=InnoDB DEFAULT CHARSET=latin1;

--
-- Dumping data for table `utensils_category`
--

INSERT INTO `utensils_category` (`utensils_cat_id`, `category`) VALUES
(1, 'Knives/Peelers'),
(2, 'Cake Baking/Frying Pans'),
(3, 'SPOONS/FORKS/LADDLES'),
(4, 'BOWL'),
(5, 'CHOPPING BOARDS'),
(6, 'CHAUDING / CHAFING DISH'),
(7, 'OTHER UTENSILS & EQUIPMENT');

--
-- Indexes for dumped tables
--

--
-- Indexes for table `account_type`
--
ALTER TABLE `account_type`
  ADD PRIMARY KEY (`id`);

--
-- Indexes for table `borrower_slip`
--
ALTER TABLE `borrower_slip`
  ADD PRIMARY KEY (`borrower_slip_id`);

--
-- Indexes for table `borrower_slip_details`
--
ALTER TABLE `borrower_slip_details`
  ADD PRIMARY KEY (`bsd_id`);

--
-- Indexes for table `breakages_and_damages`
--
ALTER TABLE `breakages_and_damages`
  ADD PRIMARY KEY (`bad_id`);

--
-- Indexes for table `department`
--
ALTER TABLE `department`
  ADD PRIMARY KEY (`dept_id`);

--
-- Indexes for table `group_members`
--
ALTER TABLE `group_members`
  ADD PRIMARY KEY (`id`);

--
-- Indexes for table `group_table`
--
ALTER TABLE `group_table`
  ADD PRIMARY KEY (`group_id`);

--
-- Indexes for table `history`
--
ALTER TABLE `history`
  ADD PRIMARY KEY (`id`);

--
-- Indexes for table `inventory`
--
ALTER TABLE `inventory`
  ADD PRIMARY KEY (`inventory_control_id`);

--
-- Indexes for table `inventory_all_record`
--
ALTER TABLE `inventory_all_record`
  ADD PRIMARY KEY (`id`);

--
-- Indexes for table `inventory_storage`
--
ALTER TABLE `inventory_storage`
  ADD PRIMARY KEY (`id`);

--
-- Indexes for table `lost_and_found`
--
ALTER TABLE `lost_and_found`
  ADD PRIMARY KEY (`reference_no`);

--
-- Indexes for table `new_arrival_utensils`
--
ALTER TABLE `new_arrival_utensils`
  ADD PRIMARY KEY (`new_arvl_id`);

--
-- Indexes for table `notification`
--
ALTER TABLE `notification`
  ADD PRIMARY KEY (`id`);

--
-- Indexes for table `notification_control`
--
ALTER TABLE `notification_control`
  ADD PRIMARY KEY (`notif_control_id`);

--
-- Indexes for table `notification_type`
--
ALTER TABLE `notification_type`
  ADD PRIMARY KEY (`notif_type_id`);

--
-- Indexes for table `pin`
--
ALTER TABLE `pin`
  ADD PRIMARY KEY (`pin_id`);

--
-- Indexes for table `request_status`
--
ALTER TABLE `request_status`
  ADD PRIMARY KEY (`status_id`);

--
-- Indexes for table `storage`
--
ALTER TABLE `storage`
  ADD PRIMARY KEY (`storage_id`);

--
-- Indexes for table `storage_stocks`
--
ALTER TABLE `storage_stocks`
  ADD PRIMARY KEY (`id`);

--
-- Indexes for table `umsr`
--
ALTER TABLE `umsr`
  ADD PRIMARY KEY (`id`);

--
-- Indexes for table `users`
--
ALTER TABLE `users`
  ADD PRIMARY KEY (`user_id`),
  ADD KEY `dept_id` (`dept_id`);

--
-- Indexes for table `user_settings`
--
ALTER TABLE `user_settings`
  ADD UNIQUE KEY `user_id_3` (`user_id`),
  ADD KEY `user_id` (`user_id`),
  ADD KEY `user_id_2` (`user_id`);

--
-- Indexes for table `user_type`
--
ALTER TABLE `user_type`
  ADD PRIMARY KEY (`type_id`);

--
-- Indexes for table `utensils`
--
ALTER TABLE `utensils`
  ADD PRIMARY KEY (`utensils_id`);

--
-- Indexes for table `utensils_category`
--
ALTER TABLE `utensils_category`
  ADD PRIMARY KEY (`utensils_cat_id`);

--
-- AUTO_INCREMENT for dumped tables
--

--
-- AUTO_INCREMENT for table `account_type`
--
ALTER TABLE `account_type`
  MODIFY `id` int(50) NOT NULL AUTO_INCREMENT, AUTO_INCREMENT=8;

--
-- AUTO_INCREMENT for table `borrower_slip`
--
ALTER TABLE `borrower_slip`
  MODIFY `borrower_slip_id` int(100) NOT NULL AUTO_INCREMENT, AUTO_INCREMENT=7;

--
-- AUTO_INCREMENT for table `borrower_slip_details`
--
ALTER TABLE `borrower_slip_details`
  MODIFY `bsd_id` int(100) NOT NULL AUTO_INCREMENT, AUTO_INCREMENT=15;

--
-- AUTO_INCREMENT for table `breakages_and_damages`
--
ALTER TABLE `breakages_and_damages`
  MODIFY `bad_id` int(100) NOT NULL AUTO_INCREMENT, AUTO_INCREMENT=6;

--
-- AUTO_INCREMENT for table `department`
--
ALTER TABLE `department`
  MODIFY `dept_id` int(100) NOT NULL AUTO_INCREMENT, AUTO_INCREMENT=7;

--
-- AUTO_INCREMENT for table `group_members`
--
ALTER TABLE `group_members`
  MODIFY `id` int(50) NOT NULL AUTO_INCREMENT, AUTO_INCREMENT=28;

--
-- AUTO_INCREMENT for table `group_table`
--
ALTER TABLE `group_table`
  MODIFY `group_id` int(100) NOT NULL AUTO_INCREMENT, AUTO_INCREMENT=27;

--
-- AUTO_INCREMENT for table `history`
--
ALTER TABLE `history`
  MODIFY `id` int(50) NOT NULL AUTO_INCREMENT, AUTO_INCREMENT=68;

--
-- AUTO_INCREMENT for table `inventory`
--
ALTER TABLE `inventory`
  MODIFY `inventory_control_id` int(100) NOT NULL AUTO_INCREMENT, AUTO_INCREMENT=6;

--
-- AUTO_INCREMENT for table `inventory_all_record`
--
ALTER TABLE `inventory_all_record`
  MODIFY `id` int(100) NOT NULL AUTO_INCREMENT, AUTO_INCREMENT=147;

--
-- AUTO_INCREMENT for table `inventory_storage`
--
ALTER TABLE `inventory_storage`
  MODIFY `id` int(100) NOT NULL AUTO_INCREMENT, AUTO_INCREMENT=823;

--
-- AUTO_INCREMENT for table `lost_and_found`
--
ALTER TABLE `lost_and_found`
  MODIFY `reference_no` int(100) NOT NULL AUTO_INCREMENT;

--
-- AUTO_INCREMENT for table `new_arrival_utensils`
--
ALTER TABLE `new_arrival_utensils`
  MODIFY `new_arvl_id` int(100) NOT NULL AUTO_INCREMENT, AUTO_INCREMENT=14;

--
-- AUTO_INCREMENT for table `notification`
--
ALTER TABLE `notification`
  MODIFY `id` int(50) NOT NULL AUTO_INCREMENT, AUTO_INCREMENT=81;

--
-- AUTO_INCREMENT for table `notification_control`
--
ALTER TABLE `notification_control`
  MODIFY `notif_control_id` int(100) NOT NULL AUTO_INCREMENT, AUTO_INCREMENT=18;

--
-- AUTO_INCREMENT for table `pin`
--
ALTER TABLE `pin`
  MODIFY `pin_id` int(50) NOT NULL AUTO_INCREMENT, AUTO_INCREMENT=109;

--
-- AUTO_INCREMENT for table `storage`
--
ALTER TABLE `storage`
  MODIFY `storage_id` int(100) NOT NULL AUTO_INCREMENT, AUTO_INCREMENT=7;

--
-- AUTO_INCREMENT for table `storage_stocks`
--
ALTER TABLE `storage_stocks`
  MODIFY `id` int(50) NOT NULL AUTO_INCREMENT, AUTO_INCREMENT=79;

--
-- AUTO_INCREMENT for table `umsr`
--
ALTER TABLE `umsr`
  MODIFY `id` int(11) NOT NULL AUTO_INCREMENT, AUTO_INCREMENT=2;

--
-- AUTO_INCREMENT for table `users`
--
ALTER TABLE `users`
  MODIFY `user_id` int(100) NOT NULL AUTO_INCREMENT, AUTO_INCREMENT=114;

--
-- AUTO_INCREMENT for table `user_type`
--
ALTER TABLE `user_type`
  MODIFY `type_id` int(11) NOT NULL AUTO_INCREMENT, AUTO_INCREMENT=3;

--
-- AUTO_INCREMENT for table `utensils`
--
ALTER TABLE `utensils`
  MODIFY `utensils_id` int(100) NOT NULL AUTO_INCREMENT, AUTO_INCREMENT=14;

--
-- AUTO_INCREMENT for table `utensils_category`
--
ALTER TABLE `utensils_category`
  MODIFY `utensils_cat_id` int(100) NOT NULL AUTO_INCREMENT, AUTO_INCREMENT=8;

--
-- Constraints for dumped tables
--

--
-- Constraints for table `users`
--
ALTER TABLE `users`
  ADD CONSTRAINT `users_ibfk_1` FOREIGN KEY (`dept_id`) REFERENCES `department` (`dept_id`);

--
-- Constraints for table `user_settings`
--
ALTER TABLE `user_settings`
  ADD CONSTRAINT `user_settings_ibfk_1` FOREIGN KEY (`user_id`) REFERENCES `users` (`user_id`);
COMMIT;

/*!40101 SET CHARACTER_SET_CLIENT=@OLD_CHARACTER_SET_CLIENT */;
/*!40101 SET CHARACTER_SET_RESULTS=@OLD_CHARACTER_SET_RESULTS */;
/*!40101 SET COLLATION_CONNECTION=@OLD_COLLATION_CONNECTION */;
